condition,y_true,y_pred,error,abs_error,number_of_elements,mean_atomic_mass,wtd_mean_atomic_mass,gmean_atomic_mass,wtd_gmean_atomic_mass,entropy_atomic_mass,wtd_entropy_atomic_mass,range_atomic_mass,wtd_range_atomic_mass,std_atomic_mass,wtd_std_atomic_mass,mean_fie,wtd_mean_fie,gmean_fie,wtd_gmean_fie,entropy_fie,wtd_entropy_fie,range_fie,wtd_range_fie,std_fie,wtd_std_fie,mean_atomic_radius,wtd_mean_atomic_radius,gmean_atomic_radius,wtd_gmean_atomic_radius,entropy_atomic_radius,wtd_entropy_atomic_radius,range_atomic_radius,wtd_range_atomic_radius,std_atomic_radius,wtd_std_atomic_radius,mean_Density,wtd_mean_Density,gmean_Density,wtd_gmean_Density,entropy_Density,wtd_entropy_Density,range_Density,wtd_range_Density,std_Density,wtd_std_Density,mean_ElectronAffinity,wtd_mean_ElectronAffinity,gmean_ElectronAffinity,wtd_gmean_ElectronAffinity,entropy_ElectronAffinity,wtd_entropy_ElectronAffinity,range_ElectronAffinity,wtd_range_ElectronAffinity,std_ElectronAffinity,wtd_std_ElectronAffinity,mean_FusionHeat,wtd_mean_FusionHeat,gmean_FusionHeat,wtd_gmean_FusionHeat,entropy_FusionHeat,wtd_entropy_FusionHeat,range_FusionHeat,wtd_range_FusionHeat,std_FusionHeat,wtd_std_FusionHeat,mean_ThermalConductivity,wtd_mean_ThermalConductivity,gmean_ThermalConductivity,wtd_gmean_ThermalConductivity,entropy_ThermalConductivity,wtd_entropy_ThermalConductivity,range_ThermalConductivity,wtd_range_ThermalConductivity,std_ThermalConductivity,wtd_std_ThermalConductivity,mean_Valence,wtd_mean_Valence,gmean_Valence,wtd_gmean_Valence,entropy_Valence,wtd_entropy_Valence,range_Valence,wtd_range_Valence,std_Valence,wtd_std_Valence
grouped__input_noise_0.4__seed0,109.0,23.6,-85.4,85.4,4,88.1694,98.4795,58.5369,70.4539,1.0435,0.9891,192.981,57.4231,74.3587,73.9509,788.6,713.6714,739.2536,681.0045,1.3171,1.3818,764.1,43.9714,308.0315,252.0393,151.0,165.7143,130.679,150.7799,1.275,1.2111,171,55.7143,65.4714,56.2741,3490.3572,3988.7756,488.5563,1124.3404,0.8088,0.8083,9778.571,2794.0816,3749.5809,3752.3952,61.4,49.8143,24.037,18.6406,0.8454,0.9091,138.63,25.38,58.901,53.7691,6.9155,7.8717,3.5858,5.3356,1.1273,1.1112,10.678,3.0826,4.0154,3.3335,60.7566,69.4324,6.2113,13.5382,0.5528,0.5523,199.9734,57.1391,81.4302,83.5225,2.75,2.8571,2.5149,2.5985,1.2883,1.2206,3,1.1429,1.299,1.3553
grouped__input_noise_0.4__seed0,5.0,87.598,82.598,82.598,4,51.8108,41.2027,43.4686,32.6706,1.2419,1.2937,71.6206,11.8655,26.6464,26.4876,799.125,963.9648,750.0827,904.458,1.3192,1.012,764.1,543.1602,305.6333,332.452,151.5,115.7386,131.1335,94.907,1.2755,1.3629,171,17.1818,65.416,67.3752,3285.3572,2984.4158,477.9769,102.961,0.8362,0.5961,8958.571,2442.9706,3406.8575,3765.6967,68.2,100.436,25.6339,56.5509,0.8502,0.7057,138.63,65.8643,63.5116,57.4593,7.4655,5.8407,3.7544,1.7381,1.1088,0.9958,12.878,3.4693,4.6275,5.5369,158.7566,140.751,16.5169,3.0369,0.8152,0.6242,399.9734,109.0785,158.4379,171.561,2.0,2.0,2.0,2.0,1.3863,1.2418,0,0.6818,0.0,0.0
grouped__input_noise_0.4__seed0,7.9,87.914,80.014,80.014,4,90.2786,55.7151,66.99,36.3151,1.1781,1.3579,128.2426,8.2867,53.2861,50.2715,773.025,998.0615,714.9462,928.6498,1.3046,0.8834,810.6,649.8154,325.5705,349.1249,163.0,112.6308,138.0064,88.9233,1.2578,1.3738,205,11.2769,76.6453,76.5174,4870.3572,3255.3848,749.1889,70.1536,1.0345,0.8972,8958.571,2066.9228,3422.7286,3838.9223,82.3375,111.8477,60.7215,93.3581,1.164,0.8223,127.05,74.8292,51.1257,45.3517,7.1055,4.8918,3.585,1.2844,1.0982,1.0009,12.878,2.9035,4.5858,5.3856,108.7566,96.3682,7.5524,1.0944,0.3363,0.2046,399.9734,92.2934,168.301,166.455,2.25,2.1077,2.2134,2.0893,1.3689,1.2139,1,0.8308,0.433,0.31
grouped__input_noise_0.4__seed0,10.1,88.829,78.729,78.729,4,76.4446,53.0108,59.3567,36.3287,1.1995,1.2839,121.3276,15.0039,43.8234,44.558,794.0,988.1242,741.6293,921.8748,1.315,0.9256,810.6,626.9934,311.7435,343.6124,164.5,117.8708,139.0005,92.5373,1.2567,1.336,205,23.748,77.5258,79.7486,4235.8572,3100.2518,669.5566,80.4011,1.0154,0.8126,8958.571,2170.5075,3194.9389,3667.2223,77.2375,107.5,53.528,84.4046,1.1052,0.7891,127.05,70.941,54.8308,50.0889,8.1805,5.5021,4.0356,1.4627,1.1121,1.0373,12.878,3.0601,4.9482,5.6723,108.7566,101.2253,7.5524,1.3208,0.3363,0.203,399.9734,96.9168,168.301,169.1193,2.25,2.0808,2.2134,2.0666,1.3689,1.227,1,0.7884,0.433,0.2725
grouped__input_noise_0.4__seed0,11.3,88.829,77.529,77.529,4,76.4446,53.0108,59.3567,36.3287,1.1995,1.2839,121.3276,15.0039,43.8234,44.558,794.0,988.1242,741.6293,921.8748,1.315,0.9256,810.6,626.9934,311.7435,343.6124,164.5,117.8708,139.0005,92.5373,1.2567,1.336,205,23.748,77.5258,79.7486,4235.8572,3100.2518,669.5566,80.4011,1.0154,0.8126,8958.571,2170.5075,3194.9389,3667.2223,77.2375,107.5,53.528,84.4046,1.1052,0.7891,127.05,70.941,54.8308,50.0889,8.1805,5.5021,4.0356,1.4627,1.1121,1.0373,12.878,3.0601,4.9482,5.6723,108.7566,101.2253,7.5524,1.3208,0.3363,0.203,399.9734,96.9168,168.301,169.1193,2.25,2.0808,2.2134,2.0666,1.3689,1.227,1,0.7884,0.433,0.2725
grouped__input_noise_0.4__seed0,18.0,93.216,75.216,75.216,6,92.5585,76.1471,68.6021,62.8023,1.5471,1.6351,191.2006,19.8487,64.5006,49.8229,739.7167,700.0917,701.5482,677.7984,1.7336,1.635,786.5,204.45,268.8817,203.4267,167.8333,170.75,149.6852,160.0548,1.7051,1.5821,199,44.5,64.087,50.0768,5186.9048,5310.9524,1256.227,2261.1498,1.4146,1.2636,11338.571,2986.5476,4100.047,3833.8222,60.15,61.2392,30.5556,26.7986,1.3642,1.0694,138.63,38.9992,53.2659,55.4748,6.922,8.826,4.3244,6.7264,1.5812,1.3075,12.878,4.3482,3.9045,3.7513,113.8378,193.1689,17.9868,61.6836,1.0533,0.8039,399.9734,133.3311,144.2595,162.2943,2.6667,2.3333,2.5198,2.2449,1.7329,1.7105,2,0.5,0.9428,0.7454
grouped__input_noise_0.4__seed0,15.4,88.829,73.429,73.429,4,76.4446,53.0108,59.3567,36.3287,1.1995,1.2839,121.3276,15.0039,43.8234,44.558,794.0,988.1242,741.6293,921.8748,1.315,0.9256,810.6,626.9934,311.7435,343.6124,164.5,117.8708,139.0005,92.5373,1.2567,1.336,205,23.748,77.5258,79.7486,4235.8572,3100.2518,669.5566,80.4011,1.0154,0.8126,8958.571,2170.5075,3194.9389,3667.2223,77.2375,107.5,53.528,84.4046,1.1052,0.7891,127.05,70.941,54.8308,50.0889,8.1805,5.5021,4.0356,1.4627,1.1121,1.0373,12.878,3.0601,4.9482,5.6723,108.7566,101.2253,7.5524,1.3208,0.3363,0.203,399.9734,96.9168,168.301,169.1193,2.25,2.0808,2.2134,2.0666,1.3689,1.227,1,0.7884,0.433,0.2725
grouped__input_noise_0.4__seed0,17.0,88.829,71.829,71.829,4,76.4446,53.0108,59.3567,36.3287,1.1995,1.2839,121.3276,15.0039,43.8234,44.558,794.0,988.1242,741.6293,921.8748,1.315,0.9256,810.6,626.9934,311.7435,343.6124,164.5,117.8708,139.0005,92.5373,1.2567,1.336,205,23.748,77.5258,79.7486,4235.8572,3100.2518,669.5566,80.4011,1.0154,0.8126,8958.571,2170.5075,3194.9389,3667.2223,77.2375,107.5,53.528,84.4046,1.1052,0.7891,127.05,70.941,54.8308,50.0889,8.1805,5.5021,4.0356,1.4627,1.1121,1.0373,12.878,3.0601,4.9482,5.6723,108.7566,101.2253,7.5524,1.3208,0.3363,0.203,399.9734,96.9168,168.301,169.1193,2.25,2.0808,2.2134,2.0666,1.3689,1.227,1,0.7884,0.433,0.2725
grouped__input_noise_0.4__seed0,19.0,88.583,69.583,69.583,4,96.4517,59.3701,69.6893,38.1815,1.1583,1.3298,152.9348,13.8677,60.1661,54.0603,787.4,986.7825,733.5443,919.4093,1.3121,0.9193,810.6,630.7793,315.7091,345.9473,167.0,118.5077,140.6114,92.7343,1.2546,1.3401,205,22.8848,79.1612,80.7194,5447.8572,3483.4134,804.481,84.4752,1.0234,0.9232,9318.571,2165.2571,3897.0344,4032.127,82.3375,109.2284,60.7215,88.0171,1.164,0.8285,127.05,71.114,51.1257,47.8034,9.5305,5.9245,4.4464,1.5023,1.0858,1.0804,16.578,3.0521,6.2165,6.2824,108.7566,100.9807,7.5524,1.3084,0.3363,0.203,399.9734,96.6825,168.301,168.9878,2.25,2.0806,2.2134,2.0664,1.3689,1.2258,1,0.7913,0.433,0.2722
grouped__input_noise_0.4__seed0,22.0,91.519,69.519,69.519,6,92.2248,75.9802,68.4387,62.7274,1.5477,1.6346,191.2006,19.8487,64.2543,49.6087,742.1333,701.3,704.7314,679.3344,1.7348,1.637,772.0,203.2417,267.014,202.4333,159.1667,166.4167,143.9025,156.9327,1.7166,1.5656,171,44.5,55.7716,45.3146,5104.5715,5269.7858,1240.1443,2246.6291,1.412,1.2556,11338.571,2986.5476,4074.9237,3821.9641,59.8167,61.0725,30.3546,26.7103,1.3608,1.065,138.63,38.9992,53.3252,55.5068,6.822,8.776,4.2593,6.6756,1.5775,1.2991,12.878,4.3482,3.9114,3.7805,113.8378,193.1689,17.9868,61.6836,1.0533,0.8039,399.9734,133.3311,144.2595,162.2943,2.5,2.25,2.4019,2.1917,1.749,1.6974,2,0.5,0.7638,0.5951
grouped__input_noise_0.4__seed0,20.0,89.07,69.07,69.07,4,76.4446,52.6555,59.3567,36.0438,1.1995,1.2855,121.3276,14.8599,43.8234,44.4902,794.0,991.244,741.6293,925.0106,1.315,0.9186,810.6,633.58,311.7435,343.4241,164.5,117.2,139.0005,91.956,1.2567,1.3368,205,23.52,77.5258,79.6568,4235.8572,3070.5031,669.5566,77.3499,1.0154,0.8127,8958.571,2149.6569,3194.9389,3662.0643,77.2375,107.836,53.528,84.83,1.1052,0.7839,127.05,71.628,54.8308,49.9646,8.1805,5.4514,4.0356,1.4365,1.1121,1.0384,12.878,3.0286,4.9482,5.6684,108.7566,100.2538,7.5524,1.2722,0.3363,0.2031,399.9734,95.9862,168.301,168.5946,2.25,2.08,2.2134,2.0659,1.3689,1.2221,1,0.8,0.433,0.2713
grouped__input_noise_0.4__seed0,0.3,69.317,69.017,69.017,5,88.9367,51.3064,70.359,34.9506,1.4458,1.5246,122.9061,10.5029,46.4823,44.3113,743.42,1005.1077,696.3138,940.2317,1.5385,0.9382,810.6,686.2423,296.6152,340.2972,170.6,112.3077,148.7374,88.7915,1.507,1.51,205,25.9615,70.4062,76.0586,4617.8858,3053.8464,1043.1538,67.7871,1.3245,0.9781,8958.571,2066.9228,2958.0215,3689.6184,71.69,110.4788,52.697,90.503,1.3541,0.8195,127.05,74.9481,50.2815,47.3528,7.8044,5.1849,4.4116,1.3247,1.3746,1.1524,12.878,2.9035,4.4892,5.6261,89.6053,96.2066,8.4189,1.0827,0.4578,0.2096,399.9734,92.2934,155.3296,166.5337,2.4,2.1154,2.3522,2.0958,1.589,1.3179,1,0.9615,0.4899,0.3195
grouped__input_noise_0.4__seed0,2.9,71.768,68.868,68.868,5,85.9935,56.3252,65.7211,36.3932,1.4025,1.4118,141.2506,19.8385,52.9615,51.7631,782.78,1002.3177,739.8852,935.439,1.55,0.9438,810.6,689.5362,281.9031,344.05,167.0,116.4077,144.958,90.4917,1.4996,1.4458,205,35.3231,72.8258,81.4973,5649.2858,3191.1695,1228.3015,69.1049,1.3363,1.0962,8958.571,1860.1536,3389.8445,3823.4095,69.31,108.3685,47.1824,86.0207,1.3037,0.8077,127.05,76.3338,52.6302,49.2318,9.0244,5.1588,5.0271,1.3251,1.3882,1.2222,13.578,2.6012,4.8765,5.5668,101.6053,88.5297,11.0709,1.0212,0.6795,0.2939,399.9734,83.0626,151.7022,159.9889,2.4,2.1,2.3522,2.0828,1.589,1.2996,1,1.0077,0.4899,0.3
grouped__input_noise_0.4__seed0,20.0,88.707,68.707,68.707,4,95.4507,58.7831,69.2727,37.8283,1.1618,1.3298,148.9309,13.7663,58.9734,53.4882,783.65,988.582,728.8288,920.2812,1.3103,0.9097,810.6,638.8799,318.1232,347.6732,168.0,118.3043,141.2406,92.3241,1.2537,1.3427,205,22.5443,79.8718,81.2583,5316.6072,3395.0612,792.9043,80.3399,1.0273,0.9212,8958.571,2120.2206,3771.2225,3960.9787,82.3375,109.3644,60.7215,88.1247,1.164,0.8226,127.05,71.8599,51.1257,47.8434,9.5805,5.8738,4.4595,1.4721,1.0844,1.0868,16.778,2.9851,6.2753,6.3025,108.5066,98.8867,7.4388,1.239,0.3295,0.2028,399.9734,94.6721,168.4378,167.8351,2.25,2.0805,2.2134,2.0664,1.3689,1.2218,1,0.8019,0.433,0.2721
grouped__input_noise_0.4__seed0,20.0,88.087,68.087,68.087,4,104.3656,75.1636,72.7469,44.4915,1.1295,1.2003,184.5906,26.3063,70.3925,68.5265,891.65,1002.0221,838.5849,931.629,1.3281,1.0162,810.6,565.7604,301.5128,344.8993,154.25,126.5047,131.729,97.6635,1.2602,1.2408,205,44.9844,73.1552,85.8384,6501.3572,3678.4737,883.1173,93.0341,0.9779,1.0627,13532.571,1685.763,5164.7912,4729.4838,69.8375,90.4502,25.085,45.4521,0.8946,0.6307,141.0,71.285,62.0768,62.0862,5.903,4.0229,2.7017,1.2058,0.9637,1.0009,12.878,1.8824,5.0379,4.6722,106.5816,55.3778,6.3131,0.915,0.2707,0.3747,399.9734,49.8309,169.5246,130.2318,2.0,2.0,2.0,2.0,1.3863,1.2114,0,0.7539,0.0,0.0
grouped__input_noise_0.4__seed0,4.8,72.534,67.734,67.734,6,92.8552,63.2576,68.7,37.9895,1.5453,1.497,192.981,26.7953,65.0292,66.0085,737.6667,1003.3547,699.5227,941.1206,1.7333,1.0386,786.5,684.6027,269.1076,336.5882,166.0,108.2533,147.8477,87.2967,1.7028,1.6717,199,24.0267,64.6117,69.8475,4926.9048,3157.0288,1225.6198,68.4951,1.4335,1.2441,9778.571,1303.2379,3734.806,4029.9389,69.5,107.3805,35.6745,76.0246,1.4264,0.8986,138.63,75.8968,53.2352,49.741,7.9437,4.8888,4.963,1.3106,1.6048,1.4557,12.878,1.6283,4.0083,5.2183,109.3378,64.9342,14.0645,0.8688,0.952,0.6642,399.9734,53.3192,147.0428,135.5071,2.8333,2.48,2.6153,2.3234,1.7075,1.455,3,1.0133,1.2134,1.0628
grouped__input_noise_0.4__seed0,95.0,27.493,-67.507,67.507,5,108.1342,80.2061,80.355,46.3082,1.4004,1.399,192.981,29.5346,65.6411,73.8742,764.3,966.9583,719.488,897.039,1.545,1.0584,810.6,600.75,288.5907,353.1523,149.0,113.4667,131.4735,91.146,1.5062,1.534,205,25.8667,64.9892,73.9765,5912.2858,3634.8812,1262.9342,97.7506,1.3268,1.2888,9778.571,1629.2855,3658.1576,4075.6347,80.19,102.0492,59.4707,80.2815,1.3883,0.9548,127.05,68.9325,49.5706,49.9753,7.0964,4.5453,3.8324,1.3365,1.3174,1.3404,12.878,1.7057,4.7603,4.9122,101.6053,45.58,10.4655,0.9105,0.6668,0.8105,399.9734,33.32,151.9828,109.4873,2.8,2.6,2.6052,2.4264,1.5318,1.4066,3,0.8333,1.1662,1.1136
grouped__input_noise_0.4__seed0,22.0,89.284,67.284,67.284,4,76.4446,51.2701,59.3567,35.3733,1.1995,1.2895,121.3276,13.593,43.8234,43.341,794.0,997.8969,741.6293,933.495,1.315,0.9044,810.6,643.4659,311.7435,339.2652,164.5,114.8496,139.0005,90.5893,1.2567,1.3331,205,21.6246,77.5258,77.8462,4235.8572,3136.6439,669.5566,75.7913,1.0154,0.7627,8958.571,2294.1647,3194.9389,3740.3959,77.2375,109.9643,53.528,88.107,1.1052,0.7789,127.05,72.4561,54.8308,48.4035,8.1805,5.4768,4.0356,1.4222,1.1121,0.9985,12.878,3.2389,4.9482,5.7325,108.7566,106.344,7.5524,1.3007,0.3363,0.1807,399.9734,102.4376,168.301,172.4533,2.25,2.0732,2.2134,2.0602,1.3689,1.2044,1,0.8291,0.433,0.2604
grouped__input_noise_0.4__seed0,3.5,69.318,65.818,65.818,6,68.5394,51.8021,56.4987,35.4015,1.6315,1.3727,121.3276,21.4011,38.1924,44.3037,778.5333,999.7295,737.9581,933.8387,1.7357,0.9656,810.6,692.3724,271.312,341.8185,165.6667,115.7786,147.4662,90.7752,1.7019,1.4358,205,38.956,65.076,79.3679,4272.2382,2972.6477,1142.5183,71.1953,1.4705,0.969,8958.571,1968.4748,3067.8568,3611.4772,52.3867,106.5234,19.0409,79.3179,1.1829,0.7628,141.0,75.3734,56.9199,51.6225,8.102,5.2514,5.0531,1.3727,1.6062,1.1676,12.878,2.8456,4.0562,5.5711,125.8378,94.6883,20.674,1.1719,1.1556,0.3505,399.9734,87.898,141.4226,163.2618,2.1667,2.0746,2.1398,2.0614,1.7782,1.2826,1,1.0502,0.3727,0.2627
grouped__input_noise_0.4__seed0,23.35,88.822,65.472,65.472,4,76.4446,52.9511,59.3567,36.2806,1.1995,1.2842,121.3276,14.9797,43.8234,44.5468,794.0,988.6484,741.6293,922.4009,1.315,0.9244,810.6,628.1,311.7435,343.5828,164.5,117.7581,139.0005,92.4393,1.2567,1.3361,205,23.7097,77.5258,79.7336,4235.8572,3095.2537,669.5566,79.8802,1.0154,0.8126,8958.571,2167.0044,3194.9389,3666.3731,77.2375,107.5565,53.528,84.4759,1.1052,0.7882,127.05,71.0565,54.8308,50.0682,8.1805,5.4936,4.0356,1.4583,1.1121,1.0375,12.878,3.0548,4.9482,5.6716,108.7566,101.0621,7.5524,1.3125,0.3363,0.203,399.9734,96.7605,168.301,169.0316,2.25,2.0806,2.2134,2.0665,1.3689,1.2262,1,0.7903,0.433,0.2723
grouped__input_noise_0.4__seed0,9.8,75.135,65.335,65.335,6,92.8552,62.2493,68.7,37.5148,1.5453,1.4887,192.981,26.3945,65.0292,65.5834,737.6667,1003.9827,699.5227,942.1815,1.7333,1.0404,786.5,684.522,269.1076,335.7557,166.0,107.7233,147.8477,87.0861,1.7028,1.6737,199,22.0867,64.6117,68.9885,4926.9048,3106.1288,1225.6198,67.5058,1.4335,1.2295,9778.571,1303.2379,3734.806,4017.752,69.5,106.9042,35.6745,74.0821,1.4264,0.8854,138.63,75.8581,53.2352,50.4961,7.9437,4.9052,4.963,1.3134,1.6048,1.459,12.878,1.6283,4.0083,5.2272,109.3378,66.8042,14.0645,0.8929,0.952,0.7061,399.9734,53.3192,147.0428,136.0667,2.8333,2.46,2.6153,2.3074,1.7075,1.4499,3,0.9933,1.2134,1.0528
grouped__input_noise_0.4__seed0,23.9,88.829,64.929,64.929,4,76.4446,53.0108,59.3567,36.3287,1.1995,1.2839,121.3276,15.0039,43.8234,44.558,794.0,988.1242,741.6293,921.8748,1.315,0.9256,810.6,626.9934,311.7435,343.6124,164.5,117.8708,139.0005,92.5373,1.2567,1.336,205,23.748,77.5258,79.7486,4235.8572,3100.2518,669.5566,80.4011,1.0154,0.8126,8958.571,2170.5075,3194.9389,3667.2223,77.2375,107.5,53.528,84.4046,1.1052,0.7891,127.05,70.941,54.8308,50.0889,8.1805,5.5021,4.0356,1.4627,1.1121,1.0373,12.878,3.0601,4.9482,5.6723,108.7566,101.2253,7.5524,1.3208,0.3363,0.203,399.9734,96.9168,168.301,169.1193,2.25,2.0808,2.2134,2.0666,1.3689,1.227,1,0.7884,0.433,0.2725
grouped__input_noise_0.4__seed0,3.5,68.213,64.713,64.713,5,89.3372,54.246,70.5606,36.3305,1.4445,1.4222,124.9082,18.1833,46.9177,47.1648,740.52,991.8046,692.5413,923.4147,1.537,0.9332,810.6,669.9799,298.643,347.4279,181.0,117.7077,155.9382,91.7556,1.4999,1.4508,205,31.5956,76.7932,81.46,4716.6858,3117.3394,1059.4085,74.702,1.3239,0.9416,8958.571,2122.471,3015.1107,3712.6422,72.09,109.0798,53.1161,87.1059,1.3574,0.818,127.05,73.7362,50.111,48.6963,7.9244,5.2076,4.4926,1.3754,1.3808,1.1032,12.878,2.9875,4.4553,5.5404,89.6053,98.8291,8.4189,1.1987,0.4578,0.2046,399.9734,94.7727,155.3296,167.9785,2.6,2.1185,2.4915,2.0887,1.565,1.3212,2,0.9336,0.8,0.4283
grouped__input_noise_0.4__seed0,23.5,87.914,64.414,64.414,4,90.2786,55.7151,66.99,36.3151,1.1781,1.3579,128.2426,8.2867,53.2861,50.2715,773.025,998.0615,714.9462,928.6498,1.3046,0.8834,810.6,649.8154,325.5705,349.1249,163.0,112.6308,138.0064,88.9233,1.2578,1.3738,205,11.2769,76.6453,76.5174,4870.3572,3255.3848,749.1889,70.1536,1.0345,0.8972,8958.571,2066.9228,3422.7286,3838.9223,82.3375,111.8477,60.7215,93.3581,1.164,0.8223,127.05,74.8292,51.1257,45.3517,7.1055,4.8918,3.585,1.2844,1.0982,1.0009,12.878,2.9035,4.5858,5.3856,108.7566,96.3682,7.5524,1.0944,0.3363,0.2046,399.9734,92.2934,168.301,166.455,2.25,2.1077,2.2134,2.0893,1.3689,1.2139,1,0.8308,0.433,0.31
grouped__input_noise_0.4__seed0,4.0,68.365,64.365,64.365,5,89.3372,53.9463,70.5606,36.0978,1.4445,1.4232,124.9082,18.0408,46.9177,47.1005,740.52,994.3226,692.5413,925.9661,1.537,0.9273,810.6,675.0201,298.643,347.2216,181.0,117.1614,155.9382,91.2909,1.4999,1.4511,205,31.348,76.7932,81.3727,4716.6858,3092.9201,1059.4085,72.4213,1.3239,0.9416,8958.571,2105.826,3015.1107,3708.2585,72.09,109.3417,53.1161,87.4426,1.3574,0.8134,127.05,74.2751,50.111,48.5946,7.9244,5.1686,4.4926,1.3559,1.3808,1.1041,12.878,2.9623,4.4553,5.5361,89.6053,98.0548,8.4189,1.1634,0.4578,0.2047,399.9734,94.0298,155.3296,167.5456,2.6,2.1176,2.4915,2.088,1.565,1.3166,2,0.942,0.8,0.4267
grouped__label_noise_0.4__seed0,109.0,25.85,-83.15,83.15,4,88.1694,98.4795,58.5369,70.4539,1.0435,0.9891,192.981,57.4231,74.3587,73.9509,788.6,713.6714,739.2536,681.0045,1.3171,1.3818,764.1,43.9714,308.0315,252.0393,151.0,165.7143,130.679,150.7799,1.275,1.2111,171,55.7143,65.4714,56.2741,3490.3572,3988.7756,488.5563,1124.3404,0.8088,0.8083,9778.571,2794.0816,3749.5809,3752.3952,61.4,49.8143,24.037,18.6406,0.8454,0.9091,138.63,25.38,58.901,53.7691,6.9155,7.8717,3.5858,5.3356,1.1273,1.1112,10.678,3.0826,4.0154,3.3335,60.7566,69.4324,6.2113,13.5382,0.5528,0.5523,199.9734,57.1391,81.4302,83.5225,2.75,2.8571,2.5149,2.5985,1.2883,1.2206,3,1.1429,1.299,1.3553
grouped__label_noise_0.4__seed0,117.0,34.132,-82.868,82.868,4,105.3139,76.633,73.0884,42.6054,1.1258,1.1586,188.3839,31.3837,71.6959,75.2195,787.375,982.4,733.5132,905.2205,1.3121,0.8772,810.6,648.5091,315.7248,367.1544,150.5,113.7273,128.74,88.963,1.2588,1.3004,205,32.8182,72.5827,79.3532,6080.3572,3608.0522,854.2627,67.4747,0.9981,0.9521,11848.571,2153.766,4613.6001,4695.9205,74.6375,95.2,48.3485,65.952,1.0577,0.6454,127.05,74.9182,57.1542,58.6627,6.3805,3.5302,3.1441,1.0533,1.0442,1.1788,12.878,1.3335,4.7554,4.2437,116.0066,48.0145,9.6864,0.8087,0.4837,0.7004,399.9734,36.3491,164.78,112.6219,2.25,2.1818,2.2134,2.153,1.3689,1.1988,1,0.9091,0.433,0.3857
grouped__label_noise_0.4__seed0,93.2,23.812,-69.388,69.388,4,76.4446,53.5877,59.3567,36.796,1.1995,1.2811,121.3276,15.2377,43.8234,44.6618,794.0,983.059,741.6293,916.806,1.315,0.9368,810.6,616.2993,311.7435,343.8576,164.5,118.9598,139.0005,93.4889,1.2567,1.3345,205,24.1181,77.5258,79.8855,4235.8572,3148.5517,669.5566,85.6135,1.0154,0.8126,8958.571,2204.3605,3194.9389,3675.0686,77.2375,106.9545,53.528,83.7184,1.1052,0.7974,127.05,69.8257,54.8308,50.2853,8.1805,5.5844,4.0356,1.5063,1.1121,1.0355,12.878,3.1112,4.9482,5.6776,108.7566,102.8027,7.5524,1.4037,0.3363,0.203,399.9734,98.4278,168.301,169.9559,2.25,2.082,2.2134,2.0676,1.3689,1.2347,1,0.7695,0.433,0.2744
grouped__label_noise_0.4__seed0,35.0,97.637,62.637,62.637,4,104.3656,74.6157,72.7469,44.0722,1.1295,1.2023,184.5906,26.0627,70.3925,68.4435,891.65,1004.9025,838.5849,934.5943,1.3281,1.0089,810.6,572.6802,301.5128,344.5893,154.25,125.7778,131.729,97.0233,1.2602,1.2422,205,44.5679,73.1552,85.7703,6501.3572,3644.427,883.1173,89.5054,0.9779,1.0627,13532.571,1670.1409,5164.7912,4720.6925,69.8375,90.9321,25.085,45.9356,0.8946,0.6249,141.0,71.9444,62.0768,61.9989,5.903,3.9877,2.7017,1.1871,0.9637,1.0022,12.878,1.8629,5.0379,4.6647,106.5816,54.8653,6.3131,0.8855,0.2707,0.3747,399.9734,49.3693,169.5246,129.7358,2.0,2.0,2.0,2.0,1.3863,1.2065,0,0.7654,0.0,0.0
grouped__label_noise_0.4__seed0,36.0,97.368,61.368,61.368,7,93.8317,79.5921,72.7731,64.0556,1.743,1.6928,188.3839,22.9363,58.8141,53.7633,716.9143,709.501,681.7182,683.2693,1.89,1.7231,810.6,212.9843,257.2456,222.3671,168.5714,164.1885,152.5851,152.7122,1.87,1.7011,205,40.5236,60.4527,50.5686,5570.2041,5593.3957,1562.8539,2024.7066,1.5803,1.3552,11848.571,2814.5101,4394.6962,4198.7879,62.2929,62.9542,29.0718,27.2001,1.4477,1.1588,138.63,37.0178,59.0383,58.5457,7.6231,8.5814,4.9751,6.1078,1.7586,1.4386,12.878,4.0919,3.9845,4.0526,161.2895,197.7096,30.834,57.0325,1.3462,1.061,429.9734,125.6517,171.741,166.6367,2.0,2.0785,1.9195,2.04,1.9085,1.7221,2,0.5864,0.5345,0.3951
grouped__label_noise_0.4__seed0,92.1,34.132,-57.968,57.968,4,105.3139,76.633,73.0884,42.6054,1.1258,1.1586,188.3839,31.3837,71.6959,75.2195,787.375,982.4,733.5132,905.2205,1.3121,0.8772,810.6,648.5091,315.7248,367.1544,150.5,113.7273,128.74,88.963,1.2588,1.3004,205,32.8182,72.5827,79.3532,6080.3572,3608.0522,854.2627,67.4747,0.9981,0.9521,11848.571,2153.766,4613.6001,4695.9205,74.6375,95.2,48.3485,65.952,1.0577,0.6454,127.05,74.9182,57.1542,58.6627,6.3805,3.5302,3.1441,1.0533,1.0442,1.1788,12.878,1.3335,4.7554,4.2437,116.0066,48.0145,9.6864,0.8087,0.4837,0.7004,399.9734,36.3491,164.78,112.6219,2.25,2.1818,2.2134,2.153,1.3689,1.1988,1,0.9091,0.433,0.3857
grouped__label_noise_0.4__seed0,91.0,34.132,-56.868,56.868,4,105.3139,76.633,73.0884,42.6054,1.1258,1.1586,188.3839,31.3837,71.6959,75.2195,787.375,982.4,733.5132,905.2205,1.3121,0.8772,810.6,648.5091,315.7248,367.1544,150.5,113.7273,128.74,88.963,1.2588,1.3004,205,32.8182,72.5827,79.3532,6080.3572,3608.0522,854.2627,67.4747,0.9981,0.9521,11848.571,2153.766,4613.6001,4695.9205,74.6375,95.2,48.3485,65.952,1.0577,0.6454,127.05,74.9182,57.1542,58.6627,6.3805,3.5302,3.1441,1.0533,1.0442,1.1788,12.878,1.3335,4.7554,4.2437,116.0066,48.0145,9.6864,0.8087,0.4837,0.7004,399.9734,36.3491,164.78,112.6219,2.25,2.1818,2.2134,2.153,1.3689,1.1988,1,0.9091,0.433,0.3857
grouped__label_noise_0.4__seed0,90.0,34.132,-55.868,55.868,4,105.3139,76.633,73.0884,42.6054,1.1258,1.1586,188.3839,31.3837,71.6959,75.2195,787.375,982.4,733.5132,905.2205,1.3121,0.8772,810.6,648.5091,315.7248,367.1544,150.5,113.7273,128.74,88.963,1.2588,1.3004,205,32.8182,72.5827,79.3532,6080.3572,3608.0522,854.2627,67.4747,0.9981,0.9521,11848.571,2153.766,4613.6001,4695.9205,74.6375,95.2,48.3485,65.952,1.0577,0.6454,127.05,74.9182,57.1542,58.6627,6.3805,3.5302,3.1441,1.0533,1.0442,1.1788,12.878,1.3335,4.7554,4.2437,116.0066,48.0145,9.6864,0.8087,0.4837,0.7004,399.9734,36.3491,164.78,112.6219,2.25,2.1818,2.2134,2.153,1.3689,1.1988,1,0.9091,0.433,0.3857
grouped__label_noise_0.4__seed0,88.9,34.132,-54.768,54.768,4,105.3139,76.633,73.0884,42.6054,1.1258,1.1586,188.3839,31.3837,71.6959,75.2195,787.375,982.4,733.5132,905.2205,1.3121,0.8772,810.6,648.5091,315.7248,367.1544,150.5,113.7273,128.74,88.963,1.2588,1.3004,205,32.8182,72.5827,79.3532,6080.3572,3608.0522,854.2627,67.4747,0.9981,0.9521,11848.571,2153.766,4613.6001,4695.9205,74.6375,95.2,48.3485,65.952,1.0577,0.6454,127.05,74.9182,57.1542,58.6627,6.3805,3.5302,3.1441,1.0533,1.0442,1.1788,12.878,1.3335,4.7554,4.2437,116.0066,48.0145,9.6864,0.8087,0.4837,0.7004,399.9734,36.3491,164.78,112.6219,2.25,2.1818,2.2134,2.153,1.3689,1.1988,1,0.9091,0.433,0.3857
grouped__label_noise_0.4__seed0,95.0,40.518,-54.482,54.482,5,108.1342,80.2061,80.355,46.3082,1.4004,1.399,192.981,29.5346,65.6411,73.8742,764.3,966.9583,719.488,897.039,1.545,1.0584,810.6,600.75,288.5907,353.1523,149.0,113.4667,131.4735,91.146,1.5062,1.534,205,25.8667,64.9892,73.9765,5912.2858,3634.8812,1262.9342,97.7506,1.3268,1.2888,9778.571,1629.2855,3658.1576,4075.6347,80.19,102.0492,59.4707,80.2815,1.3883,0.9548,127.05,68.9325,49.5706,49.9753,7.0964,4.5453,3.8324,1.3365,1.3174,1.3404,12.878,1.7057,4.7603,4.9122,101.6053,45.58,10.4655,0.9105,0.6668,0.8105,399.9734,33.32,151.9828,109.4873,2.8,2.6,2.6052,2.4264,1.5318,1.4066,3,0.8333,1.1662,1.1136
grouped__label_noise_0.4__seed0,88.0,34.132,-53.868,53.868,4,105.3139,76.633,73.0884,42.6054,1.1258,1.1586,188.3839,31.3837,71.6959,75.2195,787.375,982.4,733.5132,905.2205,1.3121,0.8772,810.6,648.5091,315.7248,367.1544,150.5,113.7273,128.74,88.963,1.2588,1.3004,205,32.8182,72.5827,79.3532,6080.3572,3608.0522,854.2627,67.4747,0.9981,0.9521,11848.571,2153.766,4613.6001,4695.9205,74.6375,95.2,48.3485,65.952,1.0577,0.6454,127.05,74.9182,57.1542,58.6627,6.3805,3.5302,3.1441,1.0533,1.0442,1.1788,12.878,1.3335,4.7554,4.2437,116.0066,48.0145,9.6864,0.8087,0.4837,0.7004,399.9734,36.3491,164.78,112.6219,2.25,2.1818,2.2134,2.153,1.3689,1.1988,1,0.9091,0.433,0.3857
grouped__label_noise_0.4__seed0,42.0,95.144,53.144,53.144,4,76.4446,81.4568,59.3567,68.2296,1.1995,1.1082,121.3276,36.9507,43.8234,40.6123,794.0,738.3571,741.6293,702.4242,1.315,1.2824,810.6,231.3714,311.7435,255.4652,164.5,171.5714,139.0005,153.256,1.2567,1.1668,205,65.4286,77.5258,67.9114,4235.8572,5481.9184,669.5566,1780.0774,1.0154,0.811,8958.571,3839.7959,3194.9389,3275.9683,77.2375,80.6,53.528,56.4359,1.1052,0.9534,127.05,46.9714,54.8308,52.6503,8.1805,9.5603,4.0356,6.2297,1.1121,0.9751,12.878,5.5826,4.9482,4.3597,108.7566,179.0038,7.5524,26.5786,0.3363,0.202,399.9734,171.4248,168.301,191.4757,2.25,2.1429,2.2134,2.1193,1.3689,1.3095,1,0.5714,0.433,0.3499
grouped__label_noise_0.4__seed0,87.0,34.132,-52.868,52.868,4,105.3139,76.633,73.0884,42.6054,1.1258,1.1586,188.3839,31.3837,71.6959,75.2195,787.375,982.4,733.5132,905.2205,1.3121,0.8772,810.6,648.5091,315.7248,367.1544,150.5,113.7273,128.74,88.963,1.2588,1.3004,205,32.8182,72.5827,79.3532,6080.3572,3608.0522,854.2627,67.4747,0.9981,0.9521,11848.571,2153.766,4613.6001,4695.9205,74.6375,95.2,48.3485,65.952,1.0577,0.6454,127.05,74.9182,57.1542,58.6627,6.3805,3.5302,3.1441,1.0533,1.0442,1.1788,12.878,1.3335,4.7554,4.2437,116.0066,48.0145,9.6864,0.8087,0.4837,0.7004,399.9734,36.3491,164.78,112.6219,2.25,2.1818,2.2134,2.153,1.3689,1.1988,1,0.9091,0.433,0.3857
grouped__label_noise_0.4__seed0,86.5,34.132,-52.368,52.368,4,105.3139,76.633,73.0884,42.6054,1.1258,1.1586,188.3839,31.3837,71.6959,75.2195,787.375,982.4,733.5132,905.2205,1.3121,0.8772,810.6,648.5091,315.7248,367.1544,150.5,113.7273,128.74,88.963,1.2588,1.3004,205,32.8182,72.5827,79.3532,6080.3572,3608.0522,854.2627,67.4747,0.9981,0.9521,11848.571,2153.766,4613.6001,4695.9205,74.6375,95.2,48.3485,65.952,1.0577,0.6454,127.05,74.9182,57.1542,58.6627,6.3805,3.5302,3.1441,1.0533,1.0442,1.1788,12.878,1.3335,4.7554,4.2437,116.0066,48.0145,9.6864,0.8087,0.4837,0.7004,399.9734,36.3491,164.78,112.6219,2.25,2.1818,2.2134,2.153,1.3689,1.1988,1,0.9091,0.433,0.3857
grouped__label_noise_0.4__seed0,92.0,39.797,-52.203,52.203,4,89.445,55.2458,66.5994,36.195,1.1804,1.329,124.9082,12.5122,52.455,49.4596,771.8,996.7923,713.2926,926.3877,1.3038,0.8752,810.6,666.5462,326.4849,350.8542,173.25,117.2308,144.4131,90.7456,1.2478,1.3522,205,19.9231,84.0904,83.0062,4777.8572,3119.231,739.1011,68.3903,1.0344,0.8745,8958.571,2066.9228,3368.2199,3752.8429,82.3375,110.7385,60.7215,89.9629,1.164,0.8023,127.05,74.3538,51.1257,47.2166,7.0555,4.9042,3.5595,1.2863,1.0961,0.9764,12.878,2.9035,4.5866,5.3932,107.7566,96.0912,7.0625,1.0739,0.3081,0.1896,399.9734,92.2934,168.8542,166.5905,2.5,2.1538,2.3784,2.1095,1.3322,1.2326,2,0.7692,0.866,0.5329
grouped__label_noise_0.4__seed0,86.0,34.132,-51.868,51.868,4,105.3139,76.633,73.0884,42.6054,1.1258,1.1586,188.3839,31.3837,71.6959,75.2195,787.375,982.4,733.5132,905.2205,1.3121,0.8772,810.6,648.5091,315.7248,367.1544,150.5,113.7273,128.74,88.963,1.2588,1.3004,205,32.8182,72.5827,79.3532,6080.3572,3608.0522,854.2627,67.4747,0.9981,0.9521,11848.571,2153.766,4613.6001,4695.9205,74.6375,95.2,48.3485,65.952,1.0577,0.6454,127.05,74.9182,57.1542,58.6627,6.3805,3.5302,3.1441,1.0533,1.0442,1.1788,12.878,1.3335,4.7554,4.2437,116.0066,48.0145,9.6864,0.8087,0.4837,0.7004,399.9734,36.3491,164.78,112.6219,2.25,2.1818,2.2134,2.153,1.3689,1.1988,1,0.9091,0.433,0.3857
grouped__label_noise_0.4__seed0,97.0,45.704,-51.296,51.296,5,87.2922,69.0873,55.6154,40.5928,1.2593,1.2996,184.5906,28.4062,71.6247,67.0151,1049.32,1076.4889,963.606,993.7583,1.5298,1.3032,1177.5,500.8222,414.9305,389.008,131.8,117.3333,104.8081,89.0982,1.417,1.3582,211,51.5556,79.3559,85.2187,5201.425,3280.1569,252.7551,60.3162,0.9785,1.0632,13532.571,1503.5893,5300.882,4609.8458,121.77,116.8667,41.9857,56.4631,1.1002,1.0561,328.0,63.1667,117.7742,95.2952,4.7744,3.6153,1.6916,1.0216,1.0133,1.039,12.878,1.7489,5.0398,4.5641,85.2709,49.3816,2.1315,0.6265,0.2714,0.3753,399.9734,44.4414,157.5038,124.1728,1.8,1.8889,1.7411,1.8517,1.5811,1.3654,1,0.7778,0.4,0.3143
grouped__label_noise_0.4__seed0,85.0,34.132,-50.868,50.868,4,105.3139,76.633,73.0884,42.6054,1.1258,1.1586,188.3839,31.3837,71.6959,75.2195,787.375,982.4,733.5132,905.2205,1.3121,0.8772,810.6,648.5091,315.7248,367.1544,150.5,113.7273,128.74,88.963,1.2588,1.3004,205,32.8182,72.5827,79.3532,6080.3572,3608.0522,854.2627,67.4747,0.9981,0.9521,11848.571,2153.766,4613.6001,4695.9205,74.6375,95.2,48.3485,65.952,1.0577,0.6454,127.05,74.9182,57.1542,58.6627,6.3805,3.5302,3.1441,1.0533,1.0442,1.1788,12.878,1.3335,4.7554,4.2437,116.0066,48.0145,9.6864,0.8087,0.4837,0.7004,399.9734,36.3491,164.78,112.6219,2.25,2.1818,2.2134,2.153,1.3689,1.1988,1,0.9091,0.433,0.3857
grouped__label_noise_0.4__seed0,10.0,60.73,50.73,50.73,4,105.3139,127.161,73.0884,96.3679,1.1258,0.9902,188.3839,65.4612,71.6959,68.965,787.375,706.8167,733.5132,663.9493,1.3121,1.3655,810.6,94.6833,315.7248,282.9419,150.5,168.5,128.74,148.7704,1.2588,1.1325,205,76.3333,72.5827,70.3154,6080.3572,6613.5715,854.2627,1675.8373,0.9981,0.9506,11848.571,3949.7618,4613.6001,4533.7776,74.6375,55.7833,48.3485,34.7061,1.0577,1.2098,127.05,18.6,57.1542,53.768,6.3805,6.287,3.1441,3.8552,1.0442,1.0958,12.878,2.6297,4.7554,4.0369,116.0066,88.0044,9.6864,13.9245,0.4837,0.6984,399.9734,66.6622,164.78,140.4821,2.25,2.3333,2.2134,2.2894,1.3689,1.277,1,0.6667,0.433,0.4714
grouped__label_noise_0.4__seed0,96.0,45.704,-50.296,50.296,5,87.2922,69.0873,55.6154,40.5928,1.2593,1.2996,184.5906,28.4062,71.6247,67.0151,1049.32,1076.4889,963.606,993.7583,1.5298,1.3032,1177.5,500.8222,414.9305,389.008,131.8,117.3333,104.8081,89.0982,1.417,1.3582,211,51.5556,79.3559,85.2187,5201.425,3280.1569,252.7551,60.3162,0.9785,1.0632,13532.571,1503.5893,5300.882,4609.8458,121.77,116.8667,41.9857,56.4631,1.1002,1.0561,328.0,63.1667,117.7742,95.2952,4.7744,3.6153,1.6916,1.0216,1.0133,1.039,12.878,1.7489,5.0398,4.5641,85.2709,49.3816,2.1315,0.6265,0.2714,0.3753,399.9734,44.4414,157.5038,124.1728,1.8,1.8889,1.7411,1.8517,1.5811,1.3654,1,0.7778,0.4,0.3143
grouped__label_noise_0.4__seed0,90.0,39.797,-50.203,50.203,4,89.445,55.2458,66.5994,36.195,1.1804,1.329,124.9082,12.5122,52.455,49.4596,771.8,996.7923,713.2926,926.3877,1.3038,0.8752,810.6,666.5462,326.4849,350.8542,173.25,117.2308,144.4131,90.7456,1.2478,1.3522,205,19.9231,84.0904,83.0062,4777.8572,3119.231,739.1011,68.3903,1.0344,0.8745,8958.571,2066.9228,3368.2199,3752.8429,82.3375,110.7385,60.7215,89.9629,1.164,0.8023,127.05,74.3538,51.1257,47.2166,7.0555,4.9042,3.5595,1.2863,1.0961,0.9764,12.878,2.9035,4.5866,5.3932,107.7566,96.0912,7.0625,1.0739,0.3081,0.1896,399.9734,92.2934,168.8542,166.5905,2.5,2.1538,2.3784,2.1095,1.3322,1.2326,2,0.7692,0.866,0.5329
grouped__label_noise_0.4__seed0,45.0,95.144,50.144,50.144,4,76.4446,81.4568,59.3567,68.2296,1.1995,1.1082,121.3276,36.9507,43.8234,40.6123,794.0,738.3571,741.6293,702.4242,1.315,1.2824,810.6,231.3714,311.7435,255.4652,164.5,171.5714,139.0005,153.256,1.2567,1.1668,205,65.4286,77.5258,67.9114,4235.8572,5481.9184,669.5566,1780.0774,1.0154,0.811,8958.571,3839.7959,3194.9389,3275.9683,77.2375,80.6,53.528,56.4359,1.1052,0.9534,127.05,46.9714,54.8308,52.6503,8.1805,9.5603,4.0356,6.2297,1.1121,0.9751,12.878,5.5826,4.9482,4.3597,108.7566,179.0038,7.5524,26.5786,0.3363,0.202,399.9734,171.4248,168.301,191.4757,2.25,2.1429,2.2134,2.1193,1.3689,1.3095,1,0.5714,0.433,0.3499
grouped__label_noise_0.4__seed0,84.0,34.132,-49.868,49.868,4,105.3139,76.633,73.0884,42.6054,1.1258,1.1586,188.3839,31.3837,71.6959,75.2195,787.375,982.4,733.5132,905.2205,1.3121,0.8772,810.6,648.5091,315.7248,367.1544,150.5,113.7273,128.74,88.963,1.2588,1.3004,205,32.8182,72.5827,79.3532,6080.3572,3608.0522,854.2627,67.4747,0.9981,0.9521,11848.571,2153.766,4613.6001,4695.9205,74.6375,95.2,48.3485,65.952,1.0577,0.6454,127.05,74.9182,57.1542,58.6627,6.3805,3.5302,3.1441,1.0533,1.0442,1.1788,12.878,1.3335,4.7554,4.2437,116.0066,48.0145,9.6864,0.8087,0.4837,0.7004,399.9734,36.3491,164.78,112.6219,2.25,2.1818,2.2134,2.153,1.3689,1.1988,1,0.9091,0.433,0.3857
grouped__label_noise_0.4__seed0,83.0,34.132,-48.868,48.868,4,105.3139,76.633,73.0884,42.6054,1.1258,1.1586,188.3839,31.3837,71.6959,75.2195,787.375,982.4,733.5132,905.2205,1.3121,0.8772,810.6,648.5091,315.7248,367.1544,150.5,113.7273,128.74,88.963,1.2588,1.3004,205,32.8182,72.5827,79.3532,6080.3572,3608.0522,854.2627,67.4747,0.9981,0.9521,11848.571,2153.766,4613.6001,4695.9205,74.6375,95.2,48.3485,65.952,1.0577,0.6454,127.05,74.9182,57.1542,58.6627,6.3805,3.5302,3.1441,1.0533,1.0442,1.1788,12.878,1.3335,4.7554,4.2437,116.0066,48.0145,9.6864,0.8087,0.4837,0.7004,399.9734,36.3491,164.78,112.6219,2.25,2.1818,2.2134,2.153,1.3689,1.1988,1,0.9091,0.433,0.3857
grouped__label_noise_0.4__seed0,87.5,38.65,-48.85,48.85,5,124.3691,72.4003,89.4418,40.1897,1.3915,1.5458,188.3839,11.4446,74.5966,74.3519,831.1,1043.4631,781.3506,980.9023,1.5479,1.0052,810.6,680.9708,295.6234,328.7916,154.6,107.5461,136.2605,85.4891,1.5088,1.5642,205,16.7631,65.4358,73.5286,7571.0858,3961.131,1484.4254,63.0083,1.2933,1.3246,13532.571,1281.7219,5090.9067,5149.7898,60.01,98.9367,24.1393,57.1929,1.0839,0.6215,141.0,79.8142,58.8994,58.8933,5.5624,3.3705,2.9509,0.9513,1.2426,1.2621,12.878,1.5089,4.5572,4.496,94.4653,57.2803,9.3917,0.6945,0.5637,0.5045,399.9734,49.8604,153.5516,130.0636,2.2,2.0948,2.1689,2.0783,1.5942,1.3295,1,0.9327,0.4,0.2929
grouped__missing_frac_0.5__seed0,95.0,21.477,-73.523,73.523,3,55.7218,45.81,44.6613,33.7657,0.9308,0.9516,71.6206,18.8816,29.7578,32.6731,869.0333,985.5531,812.847,915.1378,1.0314,0.8012,764.1,581.1781,324.0374,354.3918,137.3333,116.5938,115.0848,91.6773,0.9539,0.9635,171,45.7812,70.0206,76.8301,3863.8097,2222.6342,322.9228,58.701,0.5367,0.6617,8958.571,1399.2408,3759.9391,3124.9688,89.6433,96.4781,48.1411,52.9286,0.787,0.5901,135.97,73.6625,59.4898,61.1494,7.1073,4.6648,2.8548,1.2869,0.7146,0.7887,12.878,2.3821,5.2952,5.008,145.0089,73.4516,7.1927,1.1276,0.2805,0.4226,399.9734,62.4859,180.8704,141.3778,2.0,2.0,2.0,2.0,1.0986,0.9896,0,0.75,0.0,0.0
grouped__missing_frac_0.5__seed0,134.7,62.949,-71.751,71.751,5,91.5081,52.365,64.5703,34.7725,1.3275,1.5294,184.5906,12.4647,68.0099,51.5396,831.2,992.7832,781.4832,927.8257,1.548,1.0667,810.6,615.9297,295.5415,339.5221,162.2,117.3802,142.333,93.238,1.5089,1.5336,205,24.4867,67.3362,76.2856,5511.0858,3003.2165,988.2824,78.4372,1.1394,1.1118,13532.571,1724.703,5026.1919,4102.9069,56.644,97.5468,17.2613,52.8595,0.9546,0.677,141.0,71.8421,61.4743,59.4394,6.4304,4.861,3.401,1.3713,1.2866,1.1749,12.878,2.4163,4.6278,5.2189,125.2653,105.3685,12.6008,1.6016,0.8106,0.6783,399.9734,77.0145,156.1639,157.7348,2.0,2.0,2.0,2.0,1.6094,1.3315,0,0.9164,0.0,0.0
grouped__missing_frac_0.5__seed0,110.0,38.782,-71.218,71.218,5,83.2448,54.1391,59.5061,32.8253,1.3115,1.3883,192.981,22.2284,67.2338,61.8892,779.88,1042.0118,740.3993,982.6303,1.5532,0.9168,764.1,737.7412,276.0631,328.3016,149.8,99.2941,133.4253,80.6744,1.5195,1.5597,171,16.8235,58.6085,65.0509,4584.2858,2606.1347,874.1648,41.2704,1.1618,1.1,9778.571,1149.7476,4004.2732,3854.9691,73.1,109.8312,33.1488,74.7105,1.2009,0.7467,138.63,83.5959,57.6457,50.8934,8.1524,4.3976,4.6464,1.0716,1.3929,1.409,12.878,1.4106,4.361,5.1649,128.6053,63.898,14.2876,0.6348,0.872,0.7777,399.9734,47.0432,154.008,131.3208,2.6,2.3529,2.4022,2.2276,1.5194,1.3035,3,1.0588,1.2,0.9666
grouped__missing_frac_0.5__seed0,9.1,78.504,69.404,69.404,4,43.4636,38.3792,39.7871,34.9474,1.3117,1.143,39.9348,15.9368,15.8321,15.1852,946.65,1009.4767,868.8328,909.2,1.2943,1.0558,1090.6,542.311,428.9976,479.1623,136.0,130.5733,117.8976,108.2585,1.2799,1.0532,152,61.12,56.6922,64.5538,4581.424,3165.8387,655.1425,275.3545,0.9235,0.6766,8898.304,2440.3747,3861.8194,3441.8737,103.9425,117.9767,34.5808,28.8759,0.6501,0.312,325.63,108.5433,132.2081,149.8916,9.7,7.5893,4.7202,3.141,1.099,0.8914,15.94,4.1913,6.1139,5.6476,94.7569,93.4992,14.4639,7.6343,1.0164,0.6851,199.9723,66.6574,71.2838,82.2148,2.5,2.0233,2.2134,1.8294,1.2799,1.1621,3,0.8367,1.118,0.858
grouped__missing_frac_0.5__seed0,109.0,39.826,-69.174,69.174,4,88.1694,98.4795,58.5369,70.4539,1.0435,0.9891,192.981,57.4231,74.3587,73.9509,788.6,713.6714,739.2536,681.0045,1.3171,1.3818,764.1,43.9714,308.0315,252.0393,151.0,165.7143,130.679,150.7799,1.275,1.2111,171,55.7143,65.4714,56.2741,3490.3572,3988.7756,488.5563,1124.3404,0.8088,0.8083,9778.571,2794.0816,3749.5809,3752.3952,61.4,49.8143,24.037,18.6406,0.8454,0.9091,138.63,25.38,58.901,53.7691,6.9155,7.8717,3.5858,5.3356,1.1273,1.1112,10.678,3.0826,4.0154,3.3335,60.7566,69.4324,6.2113,13.5382,0.5528,0.5523,199.9734,57.1391,81.4302,83.5225,2.75,2.8571,2.5149,2.5985,1.2883,1.2206,3,1.1429,1.299,1.3553
grouped__missing_frac_0.5__seed0,124.0,56.701,-67.299,67.299,6,87.7856,50.9427,64.9069,33.56,1.5341,1.594,188.3839,15.3869,63.9899,51.7365,774.1167,993.4694,732.5642,925.9115,1.7339,1.0197,810.6,684.5141,274.1327,346.903,156.3333,112.6,140.117,89.5132,1.7042,1.5884,205,28.0941,61.6892,74.7796,5501.9048,2818.8742,1344.0,64.4187,1.4352,1.2103,11848.571,1580.4199,4178.9265,3893.7436,50.6533,99.8647,17.7919,60.2728,1.1383,0.6848,141.0,75.4235,57.6948,58.0033,6.902,4.6593,4.2784,1.2778,1.5743,1.3025,12.878,2.2253,3.9671,5.1163,130.6711,99.8258,24.4048,1.4003,1.2325,0.812,399.9734,70.5742,138.0763,152.588,2.1667,2.0471,2.1398,2.0385,1.7782,1.3771,1,1.0353,0.3727,0.2118
grouped__missing_frac_0.5__seed0,20.0,83.328,63.328,63.328,4,104.3656,75.1636,72.7469,44.4915,1.1295,1.2003,184.5906,26.3063,70.3925,68.5265,891.65,1002.0221,838.5849,931.629,1.3281,1.0162,810.6,565.7604,301.5128,344.8993,154.25,126.5047,131.729,97.6635,1.2602,1.2408,205,44.9844,73.1552,85.8384,6501.3572,3678.4737,883.1173,93.0341,0.9779,1.0627,13532.571,1685.763,5164.7912,4729.4838,69.8375,90.4502,25.085,45.4521,0.8946,0.6307,141.0,71.285,62.0768,62.0862,5.903,4.0229,2.7017,1.2058,0.9637,1.0009,12.878,1.8824,5.0379,4.6722,106.5816,55.3778,6.3131,0.915,0.2707,0.3747,399.9734,49.8309,169.5246,130.2318,2.0,2.0,2.0,2.0,1.3863,1.2114,0,0.7539,0.0,0.0
grouped__missing_frac_0.5__seed0,119.6,59.096,-60.504,60.504,7,52.4846,60.3171,34.9473,46.7432,1.6069,1.4414,126.516,20.8949,43.777,39.4044,797.8429,739.9917,753.7227,708.036,1.8879,1.7417,810.6,211.7333,278.7083,240.1204,144.7143,159.6222,123.4148,143.4167,1.8073,1.5874,205,45.7278,74.0631,63.4367,3053.0613,4318.1588,1002.6279,1579.2544,1.5963,1.0592,8958.571,2986.5079,2614.0286,3414.8503,67.4071,67.5787,31.2699,31.052,1.4545,1.1788,151.53,39.5313,63.3775,59.3401,27.5517,15.7613,9.7448,8.1055,1.2735,1.6232,104.778,4.342,35.0182,21.1784,117.1467,190.3085,24.3419,48.8296,1.3273,0.8538,399.9734,133.3304,134.0654,164.1701,2.4286,2.15,2.3399,2.1157,1.9054,1.797,2,0.5333,0.7284,0.4531
grouped__missing_frac_0.5__seed0,93.7,33.936,-59.764,59.764,5,90.0041,57.419,70.8915,38.5304,1.4423,1.247,128.2426,28.4216,47.6637,48.0525,741.5,967.9321,693.8254,896.8884,1.5375,0.9552,810.6,654.6518,297.9466,354.1524,172.8,124.2607,150.3788,96.5102,1.5063,1.3141,205,52.575,71.3005,84.06,4790.6858,3004.7859,1070.9605,88.3021,1.3228,0.9114,8958.571,1919.2855,3065.5255,3517.7363,72.09,102.6038,53.1161,76.8479,1.3574,0.8038,127.05,71.0661,50.111,53.245,7.9644,5.4435,4.5183,1.5185,1.3826,1.0931,12.878,2.7818,4.4468,5.4877,90.4053,90.7954,8.8829,1.3386,0.4839,0.2509,399.9734,85.701,154.9428,161.6535,2.4,2.075,2.3522,2.0618,1.589,1.263,1,0.9893,0.4899,0.2634
grouped__missing_frac_0.5__seed0,128.4,69.43,-58.97,58.97,6,79.4231,79.3098,52.6599,59.9168,1.4421,1.453,184.5906,26.475,67.7103,57.3059,972.6667,824.6837,887.8057,765.1478,1.7026,1.7484,1177.5,125.5102,415.754,349.0583,142.1667,161.3878,116.1349,141.5456,1.6309,1.4928,211,48.2041,76.0601,67.0595,4592.8542,5156.8149,341.9573,1098.0768,1.14,1.1346,13532.571,2742.7187,5026.7203,4436.0572,102.12,82.2388,28.2187,27.6845,1.1315,1.2133,328.0,36.551,116.1446,92.8684,5.402,7.6633,2.2156,4.3519,1.323,1.1451,12.878,3.989,4.8099,4.7222,104.3924,167.7907,4.5437,21.2914,0.8111,0.6845,399.9734,122.4467,150.0035,170.4767,1.8333,1.9184,1.7818,1.89,1.7678,1.6341,1,0.5306,0.3727,0.2738
grouped__missing_frac_0.5__seed0,95.0,36.156,-58.844,58.844,5,108.1342,80.2061,80.355,46.3082,1.4004,1.399,192.981,29.5346,65.6411,73.8742,764.3,966.9583,719.488,897.039,1.545,1.0584,810.6,600.75,288.5907,353.1523,149.0,113.4667,131.4735,91.146,1.5062,1.534,205,25.8667,64.9892,73.9765,5912.2858,3634.8812,1262.9342,97.7506,1.3268,1.2888,9778.571,1629.2855,3658.1576,4075.6347,80.19,102.0492,59.4707,80.2815,1.3883,0.9548,127.05,68.9325,49.5706,49.9753,7.0964,4.5453,3.8324,1.3365,1.3174,1.3404,12.878,1.7057,4.7603,4.9122,101.6053,45.58,10.4655,0.9105,0.6668,0.8105,399.9734,33.32,151.9828,109.4873,2.8,2.6,2.6052,2.4264,1.5318,1.4066,3,0.8333,1.1662,1.1136
grouped__missing_frac_0.5__seed0,20.0,78.659,58.659,58.659,4,77.8518,47.5606,59.8717,35.0946,1.1901,1.2557,128.2426,14.6593,46.1883,34.7143,784.65,979.5031,730.9412,915.4643,1.3116,0.9102,781.6,639.9406,316.4046,340.8886,154.5,114.5938,133.116,92.3088,1.2725,1.2179,171,41.4688,67.537,71.3731,4650.3572,3035.0895,697.0333,85.879,0.9969,0.7311,8958.571,2239.2855,3529.7065,3729.2536,80.1075,104.2628,48.9597,67.3548,1.1013,0.7417,135.97,69.8216,54.1025,54.4849,7.1055,5.3579,3.585,1.5019,1.0982,0.8785,12.878,3.164,4.5858,5.4585,113.0066,108.2008,8.9183,1.7338,0.4302,0.2875,399.9734,99.9867,166.1565,169.0254,2.25,2.0312,2.2134,2.0255,1.3689,1.1666,1,0.9062,0.433,0.174
grouped__missing_frac_0.5__seed0,9.0,67.565,58.565,58.565,7,80.5804,99.4415,62.9319,76.6125,1.7193,1.3126,192.981,51.6558,57.5392,67.0854,753.2714,738.4685,723.5344,710.8158,1.9013,1.68,764.1,171.219,240.1268,230.226,159.0,157.97,145.2289,145.3948,1.8769,1.6066,171,53.23,54.0582,52.7534,5184.7756,5681.9286,1537.5771,1913.3766,1.6266,1.2525,9778.571,2444.8214,3708.7715,3820.5789,65.9714,73.8932,36.1808,39.8566,1.5936,1.3029,138.63,28.4858,50.83,52.719,9.766,9.2692,6.3138,6.4028,1.7788,1.5018,15.978,3.1162,4.6626,3.9457,108.5752,123.6033,19.3404,19.6541,1.231,0.7799,399.9734,95.9967,135.7824,162.9691,2.8571,2.82,2.6671,2.5842,1.8741,1.556,3,1.21,1.1249,1.2914
grouped__missing_frac_0.5__seed0,119.0,60.479,-58.521,58.521,8,110.4692,75.5478,84.7018,61.1296,1.8788,1.8219,191.2006,19.6768,66.8906,51.5836,734.0125,719.2407,700.8623,692.0242,2.0294,1.7083,810.6,237.6217,245.926,226.3509,161.5,163.4226,147.2535,151.4227,2.0053,1.658,205,46.7588,58.5854,51.6299,5760.1786,5206.2421,1876.3176,1820.1218,1.7574,1.3621,11848.571,2973.2933,4249.1108,4035.735,67.1562,63.1265,31.498,26.5396,1.5541,1.0964,187.83,39.2771,68.3884,59.5209,8.0415,8.6867,5.2271,6.1002,1.8554,1.3826,17.278,4.3228,5.0238,4.152,92.1283,188.5029,16.8409,50.497,1.2616,0.8253,399.9734,132.7404,130.8616,163.815,2.875,2.1925,2.6321,2.1387,1.9823,1.8382,4,0.5973,1.3636,0.6137
grouped__missing_frac_0.5__seed0,17.4,75.53,58.13,58.13,6,92.5215,60.8715,68.5364,36.8824,1.5459,1.4611,192.981,25.8602,64.7865,64.9474,740.0833,1005.0617,702.6967,944.0252,1.7346,1.0383,772.0,691.3017,267.26,334.3002,157.3333,106.15,142.1361,86.4647,1.715,1.642,171,25.95,56.0912,66.3415,4844.5715,3030.0288,1209.9289,66.1237,1.432,1.1897,9778.571,1303.2379,3701.4295,3993.5189,69.1667,106.2358,35.4397,71.5218,1.4231,0.8635,138.63,75.8065,53.353,51.515,7.8437,4.9171,4.8883,1.3152,1.6001,1.4435,12.878,1.6417,4.0405,5.2357,109.3378,69.2975,14.0645,0.926,0.952,0.7466,399.9734,53.3192,147.0428,136.7694,2.6667,2.4167,2.4929,2.2752,1.7171,1.4147,3,1.0167,1.1055,1.0213
grouped__missing_frac_0.5__seed0,130.1,73.339,-56.761,56.761,6,79.4231,80.5663,52.6599,61.3678,1.4421,1.4402,184.5906,27.4224,67.7103,57.2278,972.6667,806.8646,887.8057,752.713,1.7026,1.7414,1177.5,128.125,415.754,329.8812,142.1667,163.875,116.1349,145.1741,1.6309,1.4795,211,50.0833,76.0601,65.4792,4592.8542,5264.2132,341.9573,1256.6072,1.14,1.1346,13532.571,2799.894,5026.7203,4418.5279,102.12,77.0875,28.2187,26.2923,1.1315,1.2134,328.0,37.3125,116.1446,86.6255,5.402,7.8175,2.2156,4.615,1.323,1.1417,12.878,4.0775,4.8099,4.6473,104.3924,171.2858,4.5437,24.4525,0.8111,0.6844,399.9734,124.9983,150.0035,170.4969,1.8333,1.9375,1.7818,1.9152,1.7678,1.6163,1,0.5625,0.3727,0.2421
grouped__missing_frac_0.5__seed0,117.0,60.265,-56.735,56.735,4,105.3139,76.633,73.0884,42.6054,1.1258,1.1586,188.3839,31.3837,71.6959,75.2195,787.375,982.4,733.5132,905.2205,1.3121,0.8772,810.6,648.5091,315.7248,367.1544,150.5,113.7273,128.74,88.963,1.2588,1.3004,205,32.8182,72.5827,79.3532,6080.3572,3608.0522,854.2627,67.4747,0.9981,0.9521,11848.571,2153.766,4613.6001,4695.9205,74.6375,95.2,48.3485,65.952,1.0577,0.6454,127.05,74.9182,57.1542,58.6627,6.3805,3.5302,3.1441,1.0533,1.0442,1.1788,12.878,1.3335,4.7554,4.2437,116.0066,48.0145,9.6864,0.8087,0.4837,0.7004,399.9734,36.3491,164.78,112.6219,2.25,2.1818,2.2134,2.153,1.3689,1.1988,1,0.9091,0.433,0.3857
grouped__missing_frac_0.5__seed0,10.0,66.568,56.568,56.568,4,105.3139,127.161,73.0884,96.3679,1.1258,0.9902,188.3839,65.4612,71.6959,68.965,787.375,706.8167,733.5132,663.9493,1.3121,1.3655,810.6,94.6833,315.7248,282.9419,150.5,168.5,128.74,148.7704,1.2588,1.1325,205,76.3333,72.5827,70.3154,6080.3572,6613.5715,854.2627,1675.8373,0.9981,0.9506,11848.571,3949.7618,4613.6001,4533.7776,74.6375,55.7833,48.3485,34.7061,1.0577,1.2098,127.05,18.6,57.1542,53.768,6.3805,6.287,3.1441,3.8552,1.0442,1.0958,12.878,2.6297,4.7554,4.0369,116.0066,88.0044,9.6864,13.9245,0.4837,0.6984,399.9734,66.6622,164.78,140.4821,2.25,2.3333,2.2134,2.2894,1.3689,1.277,1,0.6667,0.433,0.4714
grouped__missing_frac_0.5__seed0,4.8,60.837,56.037,56.037,6,92.8552,63.2576,68.7,37.9895,1.5453,1.497,192.981,26.7953,65.0292,66.0085,737.6667,1003.3547,699.5227,941.1206,1.7333,1.0386,786.5,684.6027,269.1076,336.5882,166.0,108.2533,147.8477,87.2967,1.7028,1.6717,199,24.0267,64.6117,69.8475,4926.9048,3157.0288,1225.6198,68.4951,1.4335,1.2441,9778.571,1303.2379,3734.806,4029.9389,69.5,107.3805,35.6745,76.0246,1.4264,0.8986,138.63,75.8968,53.2352,49.741,7.9437,4.8888,4.963,1.3106,1.6048,1.4557,12.878,1.6283,4.0083,5.2183,109.3378,64.9342,14.0645,0.8688,0.952,0.6642,399.9734,53.3192,147.0428,135.5071,2.8333,2.48,2.6153,2.3234,1.7075,1.455,3,1.0133,1.2134,1.0628
grouped__missing_frac_0.5__seed0,14.0,69.893,55.893,55.893,6,76.8726,47.628,60.8606,32.896,1.6011,1.5714,122.9061,13.4744,46.3175,43.1497,766.15,1006.0766,722.3012,941.483,1.7301,0.9809,810.6,698.6926,280.0307,339.7698,162.8333,108.6646,145.4261,87.2919,1.704,1.6092,205,30.8123,63.3441,70.8551,4551.2382,2913.6618,1204.6983,63.7083,1.4791,0.9957,8958.571,1984.2152,3148.3992,3715.4766,55.4533,108.6009,20.5745,77.4335,1.2331,0.7741,141.0,76.7169,56.1813,50.3272,7.252,4.8465,4.5776,1.2769,1.5995,1.2213,12.878,2.8343,3.8025,5.3518,125.1711,107.5066,19.77,1.2782,1.1409,0.5854,399.9734,88.6011,141.9426,164.7308,2.1667,2.0769,2.1398,2.0634,1.7782,1.3418,1,1.0585,0.3727,0.2665
grouped__missing_frac_0.5__seed0,3.5,58.035,54.535,54.535,6,68.5394,51.8021,56.4987,35.4015,1.6315,1.3727,121.3276,21.4011,38.1924,44.3037,778.5333,999.7295,737.9581,933.8387,1.7357,0.9656,810.6,692.3724,271.312,341.8185,165.6667,115.7786,147.4662,90.7752,1.7019,1.4358,205,38.956,65.076,79.3679,4272.2382,2972.6477,1142.5183,71.1953,1.4705,0.969,8958.571,1968.4748,3067.8568,3611.4772,52.3867,106.5234,19.0409,79.3179,1.1829,0.7628,141.0,75.3734,56.9199,51.6225,8.102,5.2514,5.0531,1.3727,1.6062,1.1676,12.878,2.8456,4.0562,5.5711,125.8378,94.6883,20.674,1.1719,1.1556,0.3505,399.9734,87.898,141.4226,163.2618,2.1667,2.0746,2.1398,2.0614,1.7782,1.2826,1,1.0502,0.3727,0.2627
grouped__missing_frac_0.5__seed0,127.0,72.564,-54.436,54.436,6,92.2501,58.3778,68.9777,36.8863,1.5585,1.5402,184.5906,20.6018,62.1064,57.3685,806.8,1002.4194,764.4698,935.9081,1.7366,1.0937,810.6,666.6839,275.2529,340.8816,166.8333,118.7097,149.3529,93.1673,1.7084,1.5964,205,37.7419,62.3362,79.475,6305.9048,3175.9956,1460.1576,75.4827,1.4148,1.3041,13532.571,1444.4237,4920.453,4308.6444,59.4367,96.9718,21.9707,53.4012,1.2665,0.7045,141.0,73.4516,56.4645,59.3513,11.3587,4.9349,5.0395,1.294,1.2985,1.433,35.778,1.9983,11.802,6.3872,127.5544,86.3395,18.8005,1.2259,1.1372,0.7729,399.9734,64.5024,142.6494,148.1421,2.6667,2.0645,2.4019,2.0358,1.6675,1.4426,4,0.9355,1.4907,0.5039
grouped__missing_frac_0.5__seed0,9.0,63.032,54.032,54.032,4,51.8108,36.8581,43.4686,29.7465,1.2419,1.2008,71.6206,15.2304,26.6464,23.4708,799.125,1005.2088,750.0827,950.3362,1.3192,0.9006,764.1,648.945,305.6333,320.711,151.5,105.5688,131.1335,87.36,1.2755,1.2742,171,33.9188,65.416,62.0645,3285.3572,3026.6074,477.9769,74.7102,0.8362,0.4238,8958.571,2687.2676,3406.8575,3946.1504,68.2,109.8432,25.6339,70.4063,0.8502,0.6792,138.63,72.7456,63.5116,51.5581,7.4655,5.6214,3.7544,1.4914,1.1088,0.8343,12.878,3.8162,4.6275,5.7613,158.7566,150.2949,16.5169,2.3525,0.8152,0.5437,399.9734,119.9864,158.4379,176.6778,2.0,2.0,2.0,2.0,1.3863,1.1195,0,0.9375,0.0,0.0
grouped__missing_frac_0.5__seed0,107.0,53.113,-53.887,53.887,6,113.2176,100.2959,84.7351,78.4152,1.5754,1.4004,192.981,40.5966,71.7344,65.9705,785.0,756.35,754.7768,730.0987,1.7488,1.5167,764.1,261.5025,244.2124,224.1909,149.8333,151.9875,136.1791,140.5043,1.7179,1.393,171,52.375,53.0013,50.2639,7165.2382,6557.1786,1836.7082,2280.4889,1.5286,1.2285,11338.571,3247.8214,4263.7439,3836.0336,78.605,84.1963,55.0344,52.6548,1.5767,1.2121,135.97,42.5462,46.4988,50.2416,12.1653,9.645,5.9314,6.4557,1.3791,1.2625,35.778,4.721,11.4401,5.1272,102.8378,158.8408,15.6126,26.1181,0.9991,0.3885,399.9734,144.9967,140.4643,182.7332,3.5,2.75,3.1408,2.5214,1.6873,1.5361,4,0.925,1.6073,1.2796
grouped__missing_frac_0.5__seed0,15.0,68.68,53.68,53.68,6,77.8609,45.5763,57.9847,31.8864,1.513,1.6985,192.981,8.3178,62.5454,45.9073,758.25,999.7789,724.5222,938.8452,1.7415,1.0818,764.1,656.8895,256.6093,334.8272,153.3333,108.1579,139.0586,87.9592,1.7173,1.7049,171,17.7368,54.0822,66.7811,4838.5715,2691.8047,1208.7448,64.6766,1.4318,1.3144,9778.571,1413.9847,3699.3436,3661.9931,69.6,102.6474,35.7434,63.5853,1.4274,0.8381,138.63,74.5926,53.2018,54.9738,10.5937,5.7,6.057,1.4176,1.546,1.5805,22.578,1.9516,6.7563,6.5314,112.3378,89.9614,16.2565,1.2955,1.0184,0.8183,399.9734,63.1439,145.219,146.8453,3.0,2.3158,2.7144,2.2025,1.6882,1.5603,3,0.8421,1.4142,0.9207
grouped__train_fraction_0.02__seed0,117.0,40.586,-76.414,76.414,4,105.3139,76.633,73.0884,42.6054,1.1258,1.1586,188.3839,31.3837,71.6959,75.2195,787.375,982.4,733.5132,905.2205,1.3121,0.8772,810.6,648.5091,315.7248,367.1544,150.5,113.7273,128.74,88.963,1.2588,1.3004,205,32.8182,72.5827,79.3532,6080.3572,3608.0522,854.2627,67.4747,0.9981,0.9521,11848.571,2153.766,4613.6001,4695.9205,74.6375,95.2,48.3485,65.952,1.0577,0.6454,127.05,74.9182,57.1542,58.6627,6.3805,3.5302,3.1441,1.0533,1.0442,1.1788,12.878,1.3335,4.7554,4.2437,116.0066,48.0145,9.6864,0.8087,0.4837,0.7004,399.9734,36.3491,164.78,112.6219,2.25,2.1818,2.2134,2.153,1.3689,1.1988,1,0.9091,0.433,0.3857
grouped__train_fraction_0.02__seed0,0.3,75.01,74.71,74.71,5,88.9367,51.3064,70.359,34.9506,1.4458,1.5246,122.9061,10.5029,46.4823,44.3113,743.42,1005.1077,696.3138,940.2317,1.5385,0.9382,810.6,686.2423,296.6152,340.2972,170.6,112.3077,148.7374,88.7915,1.507,1.51,205,25.9615,70.4062,76.0586,4617.8858,3053.8464,1043.1538,67.7871,1.3245,0.9781,8958.571,2066.9228,2958.0215,3689.6184,71.69,110.4788,52.697,90.503,1.3541,0.8195,127.05,74.9481,50.2815,47.3528,7.8044,5.1849,4.4116,1.3247,1.3746,1.1524,12.878,2.9035,4.4892,5.6261,89.6053,96.2066,8.4189,1.0827,0.4578,0.2096,399.9734,92.2934,155.3296,166.5337,2.4,2.1154,2.3522,2.0958,1.589,1.3179,1,0.9615,0.4899,0.3195
grouped__train_fraction_0.02__seed0,132.6,60.192,-72.408,72.408,6,80.9398,41.5041,55.0384,29.4139,1.4557,1.5958,188.3839,11.5728,68.0867,41.1393,746.0333,1016.6827,707.8605,958.0787,1.7346,1.0157,810.6,695.7288,267.7609,326.8477,156.8333,105.0577,140.6061,85.4616,1.7048,1.6337,205,27.6731,61.5831,67.4926,4601.5715,2646.9618,1062.0,58.2432,1.3267,0.9759,11848.571,1894.6152,4308.9168,3747.2041,50.6533,104.0938,17.7919,59.5681,1.1383,0.6655,141.0,76.6154,57.6948,56.2815,7.127,4.913,4.4004,1.2875,1.5769,1.2817,12.878,2.6904,4.024,5.3746,137.3378,114.5912,25.6035,1.5039,1.2577,0.8252,399.9734,84.6011,138.3655,160.7071,2.1667,2.0192,2.1398,2.0157,1.7782,1.3528,1,1.0192,0.3727,0.1373
grouped__train_fraction_0.02__seed0,116.3,44.521,-71.779,71.779,4,64.2376,41.1187,48.6366,30.1645,1.143,1.3266,121.3276,8.9771,45.4234,36.0568,787.5,1011.6091,733.6688,948.4043,1.3122,0.8848,810.6,670.5545,315.6462,337.0547,160.0,108.5909,135.9511,86.8359,1.2593,1.3776,205,9.9545,75.1232,72.0717,3505.3572,2567.5976,513.7416,54.9744,0.8773,0.651,8958.571,2035.5842,3385.7822,3619.5144,70.43,106.9095,31.792,68.469,0.9264,0.6633,138.63,77.1995,61.4296,54.1987,7.4655,4.9902,3.7544,1.2779,1.1088,1.0186,12.878,2.8562,4.6275,5.4672,154.5066,119.8327,13.9872,1.4452,0.7501,0.6062,399.9734,90.8946,161.891,165.7943,2.0,2.0,2.0,2.0,1.3863,1.157,0,0.9091,0.0,0.0
grouped__train_fraction_0.02__seed0,10.0,80.565,70.565,70.565,4,105.3139,127.161,73.0884,96.3679,1.1258,0.9902,188.3839,65.4612,71.6959,68.965,787.375,706.8167,733.5132,663.9493,1.3121,1.3655,810.6,94.6833,315.7248,282.9419,150.5,168.5,128.74,148.7704,1.2588,1.1325,205,76.3333,72.5827,70.3154,6080.3572,6613.5715,854.2627,1675.8373,0.9981,0.9506,11848.571,3949.7618,4613.6001,4533.7776,74.6375,55.7833,48.3485,34.7061,1.0577,1.2098,127.05,18.6,57.1542,53.768,6.3805,6.287,3.1441,3.8552,1.0442,1.0958,12.878,2.6297,4.7554,4.0369,116.0066,88.0044,9.6864,13.9245,0.4837,0.6984,399.9734,66.6622,164.78,140.4821,2.25,2.3333,2.2134,2.2894,1.3689,1.277,1,0.6667,0.433,0.4714
grouped__train_fraction_0.02__seed0,124.0,54.819,-69.181,69.181,6,87.7856,50.9427,64.9069,33.56,1.5341,1.594,188.3839,15.3869,63.9899,51.7365,774.1167,993.4694,732.5642,925.9115,1.7339,1.0197,810.6,684.5141,274.1327,346.903,156.3333,112.6,140.117,89.5132,1.7042,1.5884,205,28.0941,61.6892,74.7796,5501.9048,2818.8742,1344.0,64.4187,1.4352,1.2103,11848.571,1580.4199,4178.9265,3893.7436,50.6533,99.8647,17.7919,60.2728,1.1383,0.6848,141.0,75.4235,57.6948,58.0033,6.902,4.6593,4.2784,1.2778,1.5743,1.3025,12.878,2.2253,3.9671,5.1163,130.6711,99.8258,24.4048,1.4003,1.2325,0.812,399.9734,70.5742,138.0763,152.588,2.1667,2.0471,2.1398,2.0385,1.7782,1.3771,1,1.0353,0.3727,0.2118
grouped__train_fraction_0.02__seed0,99.25,30.179,-69.071,69.071,4,94.8431,51.5364,69.0161,32.7905,1.1638,1.359,146.5006,8.2529,58.2627,51.042,781.9,1041.875,726.5965,975.6823,1.3095,0.7876,810.6,748.17,319.2888,339.6623,168.5,106.65,141.552,82.8857,1.2532,1.3547,205,16.93,80.2387,78.5699,5255.6072,2847.7274,787.3468,41.6497,1.0289,0.9152,8958.571,1791.1426,3716.0353,3829.72,82.3375,115.0935,60.7215,96.0373,1.164,0.7267,127.05,83.4915,51.1257,45.0458,8.1055,4.5702,4.0088,1.0516,1.1126,1.0601,12.878,2.4868,4.9008,5.5145,107.2566,83.1259,6.7736,0.6475,0.2929,0.1824,399.9734,79.9841,169.1368,158.5581,2.25,2.07,2.2134,2.0576,1.3689,1.1264,1,0.99,0.433,0.2551
grouped__train_fraction_0.02__seed0,18.0,86.845,68.845,68.845,6,92.5585,76.1471,68.6021,62.8023,1.5471,1.6351,191.2006,19.8487,64.5006,49.8229,739.7167,700.0917,701.5482,677.7984,1.7336,1.635,786.5,204.45,268.8817,203.4267,167.8333,170.75,149.6852,160.0548,1.7051,1.5821,199,44.5,64.087,50.0768,5186.9048,5310.9524,1256.227,2261.1498,1.4146,1.2636,11338.571,2986.5476,4100.047,3833.8222,60.15,61.2392,30.5556,26.7986,1.3642,1.0694,138.63,38.9992,53.2659,55.4748,6.922,8.826,4.3244,6.7264,1.5812,1.3075,12.878,4.3482,3.9045,3.7513,113.8378,193.1689,17.9868,61.6836,1.0533,0.8039,399.9734,133.3311,144.2595,162.2943,2.6667,2.3333,2.5198,2.2449,1.7329,1.7105,2,0.5,0.9428,0.7454
grouped__train_fraction_0.02__seed0,109.0,42.957,-66.043,66.043,4,88.1694,98.4795,58.5369,70.4539,1.0435,0.9891,192.981,57.4231,74.3587,73.9509,788.6,713.6714,739.2536,681.0045,1.3171,1.3818,764.1,43.9714,308.0315,252.0393,151.0,165.7143,130.679,150.7799,1.275,1.2111,171,55.7143,65.4714,56.2741,3490.3572,3988.7756,488.5563,1124.3404,0.8088,0.8083,9778.571,2794.0816,3749.5809,3752.3952,61.4,49.8143,24.037,18.6406,0.8454,0.9091,138.63,25.38,58.901,53.7691,6.9155,7.8717,3.5858,5.3356,1.1273,1.1112,10.678,3.0826,4.0154,3.3335,60.7566,69.4324,6.2113,13.5382,0.5528,0.5523,199.9734,57.1391,81.4302,83.5225,2.75,2.8571,2.5149,2.5985,1.2883,1.2206,3,1.1429,1.299,1.3553
grouped__train_fraction_0.02__seed0,21.5,87.024,65.524,65.524,6,126.7919,111.3876,96.2506,82.8039,1.6127,1.5593,188.3839,40.7448,68.3122,64.8085,782.7667,783.54,734.9388,729.5107,1.7269,1.6242,810.6,219.332,290.703,308.7557,161.3333,168.16,144.6486,145.926,1.7072,1.4888,205,71.36,61.6027,73.2714,7333.5715,5979.2458,1881.0373,1204.2658,1.517,1.5272,13532.571,1791.7142,4677.5893,4525.852,58.2583,63.22,27.2085,30.8291,1.3383,1.2118,141.0,28.32,53.91,56.9793,5.6853,6.3392,3.3485,3.457,1.4916,1.2592,12.878,2.5756,4.1692,4.4544,80.8878,91.4813,9.9147,8.6983,0.672,0.5213,399.9734,79.9947,143.423,154.68,2.3333,2.16,2.2894,2.1341,1.7721,1.7174,1,0.4,0.4714,0.3666
grouped__train_fraction_0.02__seed0,7.0,72.358,65.358,65.358,5,96.1136,55.7926,66.4338,33.511,1.3142,1.3894,192.981,22.337,72.7696,65.3853,779.46,1015.9772,739.832,958.2057,1.553,0.9849,766.2,694.8668,276.4155,327.4361,152.2,102.8988,134.8565,84.5719,1.5147,1.5234,183,24.1346,61.5643,62.9973,5107.0858,2873.212,1003.54,58.0977,1.2308,1.1105,9778.571,1276.8207,3883.8231,4002.1767,82.094,107.4331,50.101,70.7061,1.3672,0.8586,138.63,76.7146,49.4887,50.6916,8.4124,4.9539,4.7885,1.2895,1.3983,1.3439,12.878,1.5908,4.3829,5.3064,124.4053,86.4285,11.8952,1.0374,0.7906,0.7545,399.9734,52.239,156.7652,141.3433,2.8,2.4246,2.6052,2.2844,1.5318,1.3529,3,0.9876,1.1662,1.014
grouped__train_fraction_0.02__seed0,119.0,54.504,-64.496,64.496,7,52.4846,39.7576,34.9473,28.3066,1.6069,1.5585,126.516,11.8345,43.777,36.7933,797.8429,1010.2559,753.7227,947.2197,1.8879,1.1028,810.6,679.0235,278.7083,335.4195,144.7143,107.2353,123.4148,85.6913,1.8073,1.6718,205,24.0118,74.0631,72.73,3053.0613,2291.3448,1002.6279,58.4633,1.5963,1.0563,8958.571,1580.4199,2614.0286,3289.9847,67.4071,103.2624,31.2699,64.2496,1.4545,0.8099,151.53,75.2491,63.3775,56.961,27.5517,8.6105,9.7448,1.4944,1.2735,1.6488,104.778,2.3531,35.0182,17.8865,117.1467,100.9964,24.3419,1.4224,1.3273,0.8587,399.9734,70.5742,134.0654,152.6186,2.4286,2.0824,2.3399,2.0622,1.9054,1.4925,2,1.0,0.7284,0.3502
grouped__train_fraction_0.02__seed0,137.4,72.915,-64.485,64.485,6,110.3206,52.5334,78.2411,34.0055,1.5357,1.6531,188.3839,13.7962,74.9934,54.177,790.8167,994.6482,745.4868,927.0551,1.7309,1.0238,810.6,683.3353,284.502,346.7733,161.1667,112.9412,144.5247,89.7091,1.7073,1.596,205,27.7529,61.5126,74.9788,6567.5715,2894.0977,1495.1586,64.9052,1.4082,1.2613,13532.571,1580.4199,5160.7152,4035.6735,50.6533,99.8647,17.7919,60.2728,1.1383,0.6848,141.0,75.4235,57.6948,58.0033,6.0587,4.5998,3.5227,1.2604,1.4959,1.2618,12.878,2.2848,4.3056,5.1141,112.0544,98.5117,15.636,1.357,1.0047,0.7554,399.9734,70.5742,145.586,152.8892,2.1667,2.0471,2.1398,2.0385,1.7782,1.3771,1,1.0353,0.3727,0.2118
grouped__train_fraction_0.02__seed0,22.0,86.106,64.106,64.106,6,92.2248,75.9802,68.4387,62.7274,1.5477,1.6346,191.2006,19.8487,64.2543,49.6087,742.1333,701.3,704.7314,679.3344,1.7348,1.637,772.0,203.2417,267.014,202.4333,159.1667,166.4167,143.9025,156.9327,1.7166,1.5656,171,44.5,55.7716,45.3146,5104.5715,5269.7858,1240.1443,2246.6291,1.412,1.2556,11338.571,2986.5476,4074.9237,3821.9641,59.8167,61.0725,30.3546,26.7103,1.3608,1.065,138.63,38.9992,53.3252,55.5068,6.822,8.776,4.2593,6.6756,1.5775,1.2991,12.878,4.3482,3.9114,3.7805,113.8378,193.1689,17.9868,61.6836,1.0533,0.8039,399.9734,133.3311,144.2595,162.2943,2.5,2.25,2.4019,2.1917,1.749,1.6974,2,0.5,0.7638,0.5951
grouped__train_fraction_0.02__seed0,86.6,22.793,-63.807,63.807,4,58.4578,35.5962,49.3051,27.2387,1.2616,1.0562,72.9065,17.2135,26.4745,26.7561,894.825,1094.8825,859.332,1050.3248,1.345,0.6758,697.7,834.7856,262.4882,290.708,136.75,89.3609,120.3118,74.2714,1.2829,1.0683,164,39.2845,58.384,57.4451,5143.3572,2849.4366,799.6226,32.2354,1.0617,0.4284,8958.571,2434.5815,3370.5894,3945.5199,73.75,126.1015,29.8794,117.906,0.9814,0.6721,141.0,90.6805,58.9395,31.8775,8.018,4.7451,3.951,0.9652,1.1054,0.6616,12.878,3.5541,4.9621,6.0021,134.2566,110.3987,12.1356,0.6584,0.6641,0.083,399.9734,108.7104,160.1481,177.0378,2.25,2.0909,2.2134,2.0751,1.3689,0.9242,1,1.2709,0.433,0.2875
grouped__train_fraction_0.02__seed0,107.0,44.156,-62.844,62.844,4,64.2376,43.0902,48.6366,30.4068,1.143,1.2994,121.3276,12.1561,45.4234,40.0311,787.5,1014.7938,733.6688,947.3601,1.3122,0.8668,810.6,675.8062,315.6462,345.1499,160.0,110.0625,135.9511,86.5605,1.2593,1.3817,205,7.375,75.1232,76.3548,3505.3572,2313.3038,513.7416,46.797,0.8773,0.7581,8958.571,1679.1962,3385.7822,3397.3154,70.43,105.0525,31.792,66.5855,0.9264,0.6346,138.63,79.6725,61.4296,55.7983,7.4655,4.6486,3.7544,1.178,1.1088,1.1026,12.878,2.3314,4.6275,5.2642,154.5066,102.265,13.9872,1.1123,0.7501,0.657,399.9734,74.985,161.891,156.7877,2.0,2.0,2.0,2.0,1.3863,1.1574,0,0.875,0.0,0.0
grouped__train_fraction_0.02__seed0,132.0,69.604,-62.396,62.396,7,107.0777,57.717,79.5168,37.4191,1.7169,1.8046,188.3839,14.661,69.8833,55.265,756.2714,980.0406,713.6066,912.198,1.8845,1.1478,810.6,638.1469,276.6561,346.814,169.4286,118.8438,153.3656,94.1562,1.8704,1.7651,205,26.75,60.4385,77.4311,6005.0613,3173.9645,1620.7858,85.3672,1.5541,1.3912,13532.571,1679.2855,4972.6025,4148.9113,44.35,97.0062,15.4183,56.1815,1.2164,0.7185,141.0,71.2031,55.6017,59.0365,6.336,4.8038,3.9606,1.3833,1.698,1.3974,12.878,2.3847,4.0437,5.1379,101.0467,93.6477,17.5435,1.5069,1.152,0.7057,399.9734,74.9867,137.457,154.6462,2.1429,2.0312,2.1193,2.0255,1.9338,1.5108,1,0.9375,0.3499,0.174
grouped__train_fraction_0.02__seed0,22.0,84.29,62.29,62.29,6,83.8915,83.3093,63.5336,72.0671,1.5483,1.4619,191.2006,25.7293,60.8097,46.043,754.5167,704.2738,720.0073,683.7353,1.74,1.5689,764.1,242.1431,259.0064,194.9429,162.0,170.6846,145.9213,160.6024,1.7138,1.4532,171,63.6923,57.9109,48.4906,4825.5715,5735.8638,1176.1348,2747.7001,1.3937,1.1823,11338.571,3239.2747,4051.3073,3657.4841,56.75,63.5071,28.092,32.5256,1.3171,1.0093,138.63,43.1698,54.3496,54.5736,7.672,9.3136,4.7018,7.1811,1.5806,1.2603,12.878,4.7191,4.2455,3.8254,114.5044,169.9482,18.8093,48.7273,1.0694,0.5993,399.9734,144.6133,143.8004,177.0324,2.5,2.3077,2.4019,2.2392,1.749,1.6044,2,0.6308,0.7638,0.6427
grouped__train_fraction_0.02__seed0,115.0,53.243,-61.757,61.757,6,38.3442,38.7437,27.8199,29.2587,1.5107,1.3315,76.809,14.3613,28.9167,28.6289,847.0667,1001.2997,806.4129,940.0269,1.7422,1.069,764.1,656.2756,271.4108,333.4797,126.6667,107.9292,109.4985,87.2251,1.6598,1.4676,171,35.1944,64.1838,69.1683,2976.9048,2404.605,813.6642,66.1138,1.3756,0.8733,8958.571,1732.3043,2816.275,3369.5332,76.0667,101.7866,35.169,59.7754,1.3547,0.7791,151.53,73.155,64.5077,58.1009,30.8103,8.0705,10.0706,1.5433,1.1485,1.5786,104.778,2.4194,36.8283,16.2933,133.6711,101.9958,25.5977,1.6106,1.2492,0.7916,399.9734,77.3542,138.0496,155.5993,2.5,2.0668,2.4019,2.0503,1.749,1.4021,2,0.9551,0.7638,0.3166
grouped__train_fraction_0.02__seed0,84.5,22.842,-61.658,61.658,4,58.4578,35.5978,49.3051,27.2394,1.2616,1.065,72.9065,17.0963,26.4745,26.7579,894.825,1095.0287,859.332,1050.5114,1.345,0.6797,697.7,833.9622,262.4882,290.5724,136.75,89.3582,120.3118,74.27,1.2829,1.076,164,39.0236,58.384,57.4425,5143.3572,2847.7821,799.6226,32.2288,1.0617,0.4412,8958.571,2426.4361,3370.5894,3943.3381,73.75,125.9938,29.8794,117.4373,0.9814,0.6716,141.0,90.6791,58.9395,32.0974,8.018,4.7399,3.951,0.9647,1.1054,0.6703,12.878,3.5355,4.9621,5.9973,134.2566,110.1442,12.1356,0.6577,0.6641,0.0896,399.9734,108.3467,160.1481,176.8224,2.25,2.0909,2.2134,2.0751,1.3689,0.9288,1,1.2691,0.433,0.2875
grouped__train_fraction_0.02__seed0,95.0,33.55,-61.45,61.45,3,55.7218,45.81,44.6613,33.7657,0.9308,0.9516,71.6206,18.8816,29.7578,32.6731,869.0333,985.5531,812.847,915.1378,1.0314,0.8012,764.1,581.1781,324.0374,354.3918,137.3333,116.5938,115.0848,91.6773,0.9539,0.9635,171,45.7812,70.0206,76.8301,3863.8097,2222.6342,322.9228,58.701,0.5367,0.6617,8958.571,1399.2408,3759.9391,3124.9688,89.6433,96.4781,48.1411,52.9286,0.787,0.5901,135.97,73.6625,59.4898,61.1494,7.1073,4.6648,2.8548,1.2869,0.7146,0.7887,12.878,2.3821,5.2952,5.008,145.0089,73.4516,7.1927,1.1276,0.2805,0.4226,399.9734,62.4859,180.8704,141.3778,2.0,2.0,2.0,2.0,1.0986,0.9896,0,0.75,0.0,0.0
grouped__train_fraction_0.02__seed0,127.0,65.587,-61.413,61.413,6,92.2501,58.3778,68.9777,36.8863,1.5585,1.5402,184.5906,20.6018,62.1064,57.3685,806.8,1002.4194,764.4698,935.9081,1.7366,1.0937,810.6,666.6839,275.2529,340.8816,166.8333,118.7097,149.3529,93.1673,1.7084,1.5964,205,37.7419,62.3362,79.475,6305.9048,3175.9956,1460.1576,75.4827,1.4148,1.3041,13532.571,1444.4237,4920.453,4308.6444,59.4367,96.9718,21.9707,53.4012,1.2665,0.7045,141.0,73.4516,56.4645,59.3513,11.3587,4.9349,5.0395,1.294,1.2985,1.433,35.778,1.9983,11.802,6.3872,127.5544,86.3395,18.8005,1.2259,1.1372,0.7729,399.9734,64.5024,142.6494,148.1421,2.6667,2.0645,2.4019,2.0358,1.6675,1.4426,4,0.9355,1.4907,0.5039
grouped__train_fraction_0.02__seed0,132.0,70.653,-61.347,61.347,5,92.2667,46.6337,64.8127,31.5759,1.3233,1.514,188.3839,10.8054,69.2327,46.7646,747.78,1012.0417,702.1152,945.7093,1.541,0.9179,810.6,713.1417,293.2861,343.3489,159.2,108.8611,139.7434,86.3819,1.5073,1.4931,205,23.8611,67.2113,74.0766,5174.2858,2634.405,962.3642,52.0231,1.1651,0.9969,11848.571,1741.4283,4506.8955,3769.1766,60.484,105.2022,29.1775,68.3499,1.1126,0.666,138.63,78.7367,58.4343,55.2193,6.8124,4.625,3.8396,1.1892,1.3455,1.1599,12.878,2.4306,4.3402,5.264,132.8053,103.2925,17.7474,1.1804,0.9499,0.6762,399.9734,77.763,151.1646,158.0537,2.2,2.0278,2.1689,2.0227,1.5942,1.2621,1,1.0278,0.4,0.1643
grouped__train_fraction_0.02__seed0,132.0,70.811,-61.189,61.189,6,90.8601,57.5984,67.9403,37.3972,1.555,1.6529,184.5906,14.661,62.1012,54.9534,784.1667,993.075,736.8206,927.5909,1.7276,1.1373,810.6,622.2375,289.5652,339.6324,171.6667,119.3125,152.9309,94.4267,1.7055,1.7084,205,20.9375,65.012,77.6995,5030.9048,3226.5895,1163.394,85.7224,1.3359,1.2209,13532.571,1679.2855,4712.2224,4267.6069,48.2917,96.4062,14.6796,51.7573,1.0408,0.6862,141.0,71.1562,59.1443,59.9003,6.692,4.7441,3.9221,1.3574,1.5296,1.3454,12.878,2.3452,4.2649,5.1557,110.2211,92.4695,14.9398,1.4283,0.9748,0.6497,399.9734,74.9867,146.4728,155.1475,2.0,2.0,2.0,2.0,1.7918,1.4402,0,0.875,0.0,0.0
grouped__train_fraction_0.02__seed0,110.0,50.258,-59.742,59.742,5,83.2448,54.1391,59.5061,32.8253,1.3115,1.3883,192.981,22.2284,67.2338,61.8892,779.88,1042.0118,740.3993,982.6303,1.5532,0.9168,764.1,737.7412,276.0631,328.3016,149.8,99.2941,133.4253,80.6744,1.5195,1.5597,171,16.8235,58.6085,65.0509,4584.2858,2606.1347,874.1648,41.2704,1.1618,1.1,9778.571,1149.7476,4004.2732,3854.9691,73.1,109.8312,33.1488,74.7105,1.2009,0.7467,138.63,83.5959,57.6457,50.8934,8.1524,4.3976,4.6464,1.0716,1.3929,1.409,12.878,1.4106,4.361,5.1649,128.6053,63.898,14.2876,0.6348,0.872,0.7777,399.9734,47.0432,154.008,131.3208,2.6,2.3529,2.4022,2.2276,1.5194,1.3035,3,1.0588,1.2,0.9666
grouped__train_fraction_1.0__seed0,109.0,15.191,-93.809,93.809,4,88.1694,98.4795,58.5369,70.4539,1.0435,0.9891,192.981,57.4231,74.3587,73.9509,788.6,713.6714,739.2536,681.0045,1.3171,1.3818,764.1,43.9714,308.0315,252.0393,151.0,165.7143,130.679,150.7799,1.275,1.2111,171,55.7143,65.4714,56.2741,3490.3572,3988.7756,488.5563,1124.3404,0.8088,0.8083,9778.571,2794.0816,3749.5809,3752.3952,61.4,49.8143,24.037,18.6406,0.8454,0.9091,138.63,25.38,58.901,53.7691,6.9155,7.8717,3.5858,5.3356,1.1273,1.1112,10.678,3.0826,4.0154,3.3335,60.7566,69.4324,6.2113,13.5382,0.5528,0.5523,199.9734,57.1391,81.4302,83.5225,2.75,2.8571,2.5149,2.5985,1.2883,1.2206,3,1.1429,1.299,1.3553
grouped__train_fraction_1.0__seed0,117.0,28.471,-88.529,88.529,4,105.3139,76.633,73.0884,42.6054,1.1258,1.1586,188.3839,31.3837,71.6959,75.2195,787.375,982.4,733.5132,905.2205,1.3121,0.8772,810.6,648.5091,315.7248,367.1544,150.5,113.7273,128.74,88.963,1.2588,1.3004,205,32.8182,72.5827,79.3532,6080.3572,3608.0522,854.2627,67.4747,0.9981,0.9521,11848.571,2153.766,4613.6001,4695.9205,74.6375,95.2,48.3485,65.952,1.0577,0.6454,127.05,74.9182,57.1542,58.6627,6.3805,3.5302,3.1441,1.0533,1.0442,1.1788,12.878,1.3335,4.7554,4.2437,116.0066,48.0145,9.6864,0.8087,0.4837,0.7004,399.9734,36.3491,164.78,112.6219,2.25,2.1818,2.2134,2.153,1.3689,1.1988,1,0.9091,0.433,0.3857
grouped__train_fraction_1.0__seed0,10.0,79.483,69.483,69.483,4,105.3139,127.161,73.0884,96.3679,1.1258,0.9902,188.3839,65.4612,71.6959,68.965,787.375,706.8167,733.5132,663.9493,1.3121,1.3655,810.6,94.6833,315.7248,282.9419,150.5,168.5,128.74,148.7704,1.2588,1.1325,205,76.3333,72.5827,70.3154,6080.3572,6613.5715,854.2627,1675.8373,0.9981,0.9506,11848.571,3949.7618,4613.6001,4533.7776,74.6375,55.7833,48.3485,34.7061,1.0577,1.2098,127.05,18.6,57.1542,53.768,6.3805,6.287,3.1441,3.8552,1.0442,1.0958,12.878,2.6297,4.7554,4.0369,116.0066,88.0044,9.6864,13.9245,0.4837,0.6984,399.9734,66.6622,164.78,140.4821,2.25,2.3333,2.2134,2.2894,1.3689,1.277,1,0.6667,0.433,0.4714
grouped__train_fraction_1.0__seed0,92.1,28.471,-63.629,63.629,4,105.3139,76.633,73.0884,42.6054,1.1258,1.1586,188.3839,31.3837,71.6959,75.2195,787.375,982.4,733.5132,905.2205,1.3121,0.8772,810.6,648.5091,315.7248,367.1544,150.5,113.7273,128.74,88.963,1.2588,1.3004,205,32.8182,72.5827,79.3532,6080.3572,3608.0522,854.2627,67.4747,0.9981,0.9521,11848.571,2153.766,4613.6001,4695.9205,74.6375,95.2,48.3485,65.952,1.0577,0.6454,127.05,74.9182,57.1542,58.6627,6.3805,3.5302,3.1441,1.0533,1.0442,1.1788,12.878,1.3335,4.7554,4.2437,116.0066,48.0145,9.6864,0.8087,0.4837,0.7004,399.9734,36.3491,164.78,112.6219,2.25,2.1818,2.2134,2.153,1.3689,1.1988,1,0.9091,0.433,0.3857
grouped__train_fraction_1.0__seed0,36.0,98.735,62.735,62.735,7,93.8317,79.5921,72.7731,64.0556,1.743,1.6928,188.3839,22.9363,58.8141,53.7633,716.9143,709.501,681.7182,683.2693,1.89,1.7231,810.6,212.9843,257.2456,222.3671,168.5714,164.1885,152.5851,152.7122,1.87,1.7011,205,40.5236,60.4527,50.5686,5570.2041,5593.3957,1562.8539,2024.7066,1.5803,1.3552,11848.571,2814.5101,4394.6962,4198.7879,62.2929,62.9542,29.0718,27.2001,1.4477,1.1588,138.63,37.0178,59.0383,58.5457,7.6231,8.5814,4.9751,6.1078,1.7586,1.4386,12.878,4.0919,3.9845,4.0526,161.2895,197.7096,30.834,57.0325,1.3462,1.061,429.9734,125.6517,171.741,166.6367,2.0,2.0785,1.9195,2.04,1.9085,1.7221,2,0.5864,0.5345,0.3951
grouped__train_fraction_1.0__seed0,91.0,28.471,-62.529,62.529,4,105.3139,76.633,73.0884,42.6054,1.1258,1.1586,188.3839,31.3837,71.6959,75.2195,787.375,982.4,733.5132,905.2205,1.3121,0.8772,810.6,648.5091,315.7248,367.1544,150.5,113.7273,128.74,88.963,1.2588,1.3004,205,32.8182,72.5827,79.3532,6080.3572,3608.0522,854.2627,67.4747,0.9981,0.9521,11848.571,2153.766,4613.6001,4695.9205,74.6375,95.2,48.3485,65.952,1.0577,0.6454,127.05,74.9182,57.1542,58.6627,6.3805,3.5302,3.1441,1.0533,1.0442,1.1788,12.878,1.3335,4.7554,4.2437,116.0066,48.0145,9.6864,0.8087,0.4837,0.7004,399.9734,36.3491,164.78,112.6219,2.25,2.1818,2.2134,2.153,1.3689,1.1988,1,0.9091,0.433,0.3857
grouped__train_fraction_1.0__seed0,93.2,31.235,-61.965,61.965,4,76.4446,53.5877,59.3567,36.796,1.1995,1.2811,121.3276,15.2377,43.8234,44.6618,794.0,983.059,741.6293,916.806,1.315,0.9368,810.6,616.2993,311.7435,343.8576,164.5,118.9598,139.0005,93.4889,1.2567,1.3345,205,24.1181,77.5258,79.8855,4235.8572,3148.5517,669.5566,85.6135,1.0154,0.8126,8958.571,2204.3605,3194.9389,3675.0686,77.2375,106.9545,53.528,83.7184,1.1052,0.7974,127.05,69.8257,54.8308,50.2853,8.1805,5.5844,4.0356,1.5063,1.1121,1.0355,12.878,3.1112,4.9482,5.6776,108.7566,102.8027,7.5524,1.4037,0.3363,0.203,399.9734,98.4278,168.301,169.9559,2.25,2.082,2.2134,2.0676,1.3689,1.2347,1,0.7695,0.433,0.2744
grouped__train_fraction_1.0__seed0,110.0,48.261,-61.739,61.739,5,83.2448,54.1391,59.5061,32.8253,1.3115,1.3883,192.981,22.2284,67.2338,61.8892,779.88,1042.0118,740.3993,982.6303,1.5532,0.9168,764.1,737.7412,276.0631,328.3016,149.8,99.2941,133.4253,80.6744,1.5195,1.5597,171,16.8235,58.6085,65.0509,4584.2858,2606.1347,874.1648,41.2704,1.1618,1.1,9778.571,1149.7476,4004.2732,3854.9691,73.1,109.8312,33.1488,74.7105,1.2009,0.7467,138.63,83.5959,57.6457,50.8934,8.1524,4.3976,4.6464,1.0716,1.3929,1.409,12.878,1.4106,4.361,5.1649,128.6053,63.898,14.2876,0.6348,0.872,0.7777,399.9734,47.0432,154.008,131.3208,2.6,2.3529,2.4022,2.2276,1.5194,1.3035,3,1.0588,1.2,0.9666
grouped__train_fraction_1.0__seed0,90.0,28.471,-61.529,61.529,4,105.3139,76.633,73.0884,42.6054,1.1258,1.1586,188.3839,31.3837,71.6959,75.2195,787.375,982.4,733.5132,905.2205,1.3121,0.8772,810.6,648.5091,315.7248,367.1544,150.5,113.7273,128.74,88.963,1.2588,1.3004,205,32.8182,72.5827,79.3532,6080.3572,3608.0522,854.2627,67.4747,0.9981,0.9521,11848.571,2153.766,4613.6001,4695.9205,74.6375,95.2,48.3485,65.952,1.0577,0.6454,127.05,74.9182,57.1542,58.6627,6.3805,3.5302,3.1441,1.0533,1.0442,1.1788,12.878,1.3335,4.7554,4.2437,116.0066,48.0145,9.6864,0.8087,0.4837,0.7004,399.9734,36.3491,164.78,112.6219,2.25,2.1818,2.2134,2.153,1.3689,1.1988,1,0.9091,0.433,0.3857
grouped__train_fraction_1.0__seed0,88.9,28.471,-60.429,60.429,4,105.3139,76.633,73.0884,42.6054,1.1258,1.1586,188.3839,31.3837,71.6959,75.2195,787.375,982.4,733.5132,905.2205,1.3121,0.8772,810.6,648.5091,315.7248,367.1544,150.5,113.7273,128.74,88.963,1.2588,1.3004,205,32.8182,72.5827,79.3532,6080.3572,3608.0522,854.2627,67.4747,0.9981,0.9521,11848.571,2153.766,4613.6001,4695.9205,74.6375,95.2,48.3485,65.952,1.0577,0.6454,127.05,74.9182,57.1542,58.6627,6.3805,3.5302,3.1441,1.0533,1.0442,1.1788,12.878,1.3335,4.7554,4.2437,116.0066,48.0145,9.6864,0.8087,0.4837,0.7004,399.9734,36.3491,164.78,112.6219,2.25,2.1818,2.2134,2.153,1.3689,1.1988,1,0.9091,0.433,0.3857
grouped__train_fraction_1.0__seed0,88.0,28.471,-59.529,59.529,4,105.3139,76.633,73.0884,42.6054,1.1258,1.1586,188.3839,31.3837,71.6959,75.2195,787.375,982.4,733.5132,905.2205,1.3121,0.8772,810.6,648.5091,315.7248,367.1544,150.5,113.7273,128.74,88.963,1.2588,1.3004,205,32.8182,72.5827,79.3532,6080.3572,3608.0522,854.2627,67.4747,0.9981,0.9521,11848.571,2153.766,4613.6001,4695.9205,74.6375,95.2,48.3485,65.952,1.0577,0.6454,127.05,74.9182,57.1542,58.6627,6.3805,3.5302,3.1441,1.0533,1.0442,1.1788,12.878,1.3335,4.7554,4.2437,116.0066,48.0145,9.6864,0.8087,0.4837,0.7004,399.9734,36.3491,164.78,112.6219,2.25,2.1818,2.2134,2.153,1.3689,1.1988,1,0.9091,0.433,0.3857
grouped__train_fraction_1.0__seed0,87.0,28.471,-58.529,58.529,4,105.3139,76.633,73.0884,42.6054,1.1258,1.1586,188.3839,31.3837,71.6959,75.2195,787.375,982.4,733.5132,905.2205,1.3121,0.8772,810.6,648.5091,315.7248,367.1544,150.5,113.7273,128.74,88.963,1.2588,1.3004,205,32.8182,72.5827,79.3532,6080.3572,3608.0522,854.2627,67.4747,0.9981,0.9521,11848.571,2153.766,4613.6001,4695.9205,74.6375,95.2,48.3485,65.952,1.0577,0.6454,127.05,74.9182,57.1542,58.6627,6.3805,3.5302,3.1441,1.0533,1.0442,1.1788,12.878,1.3335,4.7554,4.2437,116.0066,48.0145,9.6864,0.8087,0.4837,0.7004,399.9734,36.3491,164.78,112.6219,2.25,2.1818,2.2134,2.153,1.3689,1.1988,1,0.9091,0.433,0.3857
grouped__train_fraction_1.0__seed0,86.5,28.471,-58.029,58.029,4,105.3139,76.633,73.0884,42.6054,1.1258,1.1586,188.3839,31.3837,71.6959,75.2195,787.375,982.4,733.5132,905.2205,1.3121,0.8772,810.6,648.5091,315.7248,367.1544,150.5,113.7273,128.74,88.963,1.2588,1.3004,205,32.8182,72.5827,79.3532,6080.3572,3608.0522,854.2627,67.4747,0.9981,0.9521,11848.571,2153.766,4613.6001,4695.9205,74.6375,95.2,48.3485,65.952,1.0577,0.6454,127.05,74.9182,57.1542,58.6627,6.3805,3.5302,3.1441,1.0533,1.0442,1.1788,12.878,1.3335,4.7554,4.2437,116.0066,48.0145,9.6864,0.8087,0.4837,0.7004,399.9734,36.3491,164.78,112.6219,2.25,2.1818,2.2134,2.153,1.3689,1.1988,1,0.9091,0.433,0.3857
grouped__train_fraction_1.0__seed0,86.0,28.471,-57.529,57.529,4,105.3139,76.633,73.0884,42.6054,1.1258,1.1586,188.3839,31.3837,71.6959,75.2195,787.375,982.4,733.5132,905.2205,1.3121,0.8772,810.6,648.5091,315.7248,367.1544,150.5,113.7273,128.74,88.963,1.2588,1.3004,205,32.8182,72.5827,79.3532,6080.3572,3608.0522,854.2627,67.4747,0.9981,0.9521,11848.571,2153.766,4613.6001,4695.9205,74.6375,95.2,48.3485,65.952,1.0577,0.6454,127.05,74.9182,57.1542,58.6627,6.3805,3.5302,3.1441,1.0533,1.0442,1.1788,12.878,1.3335,4.7554,4.2437,116.0066,48.0145,9.6864,0.8087,0.4837,0.7004,399.9734,36.3491,164.78,112.6219,2.25,2.1818,2.2134,2.153,1.3689,1.1988,1,0.9091,0.433,0.3857
grouped__train_fraction_1.0__seed0,35.0,92.299,57.299,57.299,4,104.3656,74.6157,72.7469,44.0722,1.1295,1.2023,184.5906,26.0627,70.3925,68.4435,891.65,1004.9025,838.5849,934.5943,1.3281,1.0089,810.6,572.6802,301.5128,344.5893,154.25,125.7778,131.729,97.0233,1.2602,1.2422,205,44.5679,73.1552,85.7703,6501.3572,3644.427,883.1173,89.5054,0.9779,1.0627,13532.571,1670.1409,5164.7912,4720.6925,69.8375,90.9321,25.085,45.9356,0.8946,0.6249,141.0,71.9444,62.0768,61.9989,5.903,3.9877,2.7017,1.1871,0.9637,1.0022,12.878,1.8629,5.0379,4.6647,106.5816,54.8653,6.3131,0.8855,0.2707,0.3747,399.9734,49.3693,169.5246,129.7358,2.0,2.0,2.0,2.0,1.3863,1.2065,0,0.7654,0.0,0.0
grouped__train_fraction_1.0__seed0,5.0,61.908,56.908,56.908,4,51.8108,41.2027,43.4686,32.6706,1.2419,1.2937,71.6206,11.8655,26.6464,26.4876,799.125,963.9648,750.0827,904.458,1.3192,1.012,764.1,543.1602,305.6333,332.452,151.5,115.7386,131.1335,94.907,1.2755,1.3629,171,17.1818,65.416,67.3752,3285.3572,2984.4158,477.9769,102.961,0.8362,0.5961,8958.571,2442.9706,3406.8575,3765.6967,68.2,100.436,25.6339,56.5509,0.8502,0.7057,138.63,65.8643,63.5116,57.4593,7.4655,5.8407,3.7544,1.7381,1.1088,0.9958,12.878,3.4693,4.6275,5.5369,158.7566,140.751,16.5169,3.0369,0.8152,0.6242,399.9734,109.0785,158.4379,171.561,2.0,2.0,2.0,2.0,1.3863,1.2418,0,0.6818,0.0,0.0
grouped__train_fraction_1.0__seed0,97.0,40.382,-56.618,56.618,5,87.2922,69.0873,55.6154,40.5928,1.2593,1.2996,184.5906,28.4062,71.6247,67.0151,1049.32,1076.4889,963.606,993.7583,1.5298,1.3032,1177.5,500.8222,414.9305,389.008,131.8,117.3333,104.8081,89.0982,1.417,1.3582,211,51.5556,79.3559,85.2187,5201.425,3280.1569,252.7551,60.3162,0.9785,1.0632,13532.571,1503.5893,5300.882,4609.8458,121.77,116.8667,41.9857,56.4631,1.1002,1.0561,328.0,63.1667,117.7742,95.2952,4.7744,3.6153,1.6916,1.0216,1.0133,1.039,12.878,1.7489,5.0398,4.5641,85.2709,49.3816,2.1315,0.6265,0.2714,0.3753,399.9734,44.4414,157.5038,124.1728,1.8,1.8889,1.7411,1.8517,1.5811,1.3654,1,0.7778,0.4,0.3143
grouped__train_fraction_1.0__seed0,85.0,28.471,-56.529,56.529,4,105.3139,76.633,73.0884,42.6054,1.1258,1.1586,188.3839,31.3837,71.6959,75.2195,787.375,982.4,733.5132,905.2205,1.3121,0.8772,810.6,648.5091,315.7248,367.1544,150.5,113.7273,128.74,88.963,1.2588,1.3004,205,32.8182,72.5827,79.3532,6080.3572,3608.0522,854.2627,67.4747,0.9981,0.9521,11848.571,2153.766,4613.6001,4695.9205,74.6375,95.2,48.3485,65.952,1.0577,0.6454,127.05,74.9182,57.1542,58.6627,6.3805,3.5302,3.1441,1.0533,1.0442,1.1788,12.878,1.3335,4.7554,4.2437,116.0066,48.0145,9.6864,0.8087,0.4837,0.7004,399.9734,36.3491,164.78,112.6219,2.25,2.1818,2.2134,2.153,1.3689,1.1988,1,0.9091,0.433,0.3857
grouped__train_fraction_1.0__seed0,96.0,40.382,-55.618,55.618,5,87.2922,69.0873,55.6154,40.5928,1.2593,1.2996,184.5906,28.4062,71.6247,67.0151,1049.32,1076.4889,963.606,993.7583,1.5298,1.3032,1177.5,500.8222,414.9305,389.008,131.8,117.3333,104.8081,89.0982,1.417,1.3582,211,51.5556,79.3559,85.2187,5201.425,3280.1569,252.7551,60.3162,0.9785,1.0632,13532.571,1503.5893,5300.882,4609.8458,121.77,116.8667,41.9857,56.4631,1.1002,1.0561,328.0,63.1667,117.7742,95.2952,4.7744,3.6153,1.6916,1.0216,1.0133,1.039,12.878,1.7489,5.0398,4.5641,85.2709,49.3816,2.1315,0.6265,0.2714,0.3753,399.9734,44.4414,157.5038,124.1728,1.8,1.8889,1.7411,1.8517,1.5811,1.3654,1,0.7778,0.4,0.3143
grouped__train_fraction_1.0__seed0,84.0,28.471,-55.529,55.529,4,105.3139,76.633,73.0884,42.6054,1.1258,1.1586,188.3839,31.3837,71.6959,75.2195,787.375,982.4,733.5132,905.2205,1.3121,0.8772,810.6,648.5091,315.7248,367.1544,150.5,113.7273,128.74,88.963,1.2588,1.3004,205,32.8182,72.5827,79.3532,6080.3572,3608.0522,854.2627,67.4747,0.9981,0.9521,11848.571,2153.766,4613.6001,4695.9205,74.6375,95.2,48.3485,65.952,1.0577,0.6454,127.05,74.9182,57.1542,58.6627,6.3805,3.5302,3.1441,1.0533,1.0442,1.1788,12.878,1.3335,4.7554,4.2437,116.0066,48.0145,9.6864,0.8087,0.4837,0.7004,399.9734,36.3491,164.78,112.6219,2.25,2.1818,2.2134,2.153,1.3689,1.1988,1,0.9091,0.433,0.3857
grouped__train_fraction_1.0__seed0,95.0,40.333,-54.667,54.667,5,108.1342,80.2061,80.355,46.3082,1.4004,1.399,192.981,29.5346,65.6411,73.8742,764.3,966.9583,719.488,897.039,1.545,1.0584,810.6,600.75,288.5907,353.1523,149.0,113.4667,131.4735,91.146,1.5062,1.534,205,25.8667,64.9892,73.9765,5912.2858,3634.8812,1262.9342,97.7506,1.3268,1.2888,9778.571,1629.2855,3658.1576,4075.6347,80.19,102.0492,59.4707,80.2815,1.3883,0.9548,127.05,68.9325,49.5706,49.9753,7.0964,4.5453,3.8324,1.3365,1.3174,1.3404,12.878,1.7057,4.7603,4.9122,101.6053,45.58,10.4655,0.9105,0.6668,0.8105,399.9734,33.32,151.9828,109.4873,2.8,2.6,2.6052,2.4264,1.5318,1.4066,3,0.8333,1.1662,1.1136
grouped__train_fraction_1.0__seed0,83.0,28.471,-54.529,54.529,4,105.3139,76.633,73.0884,42.6054,1.1258,1.1586,188.3839,31.3837,71.6959,75.2195,787.375,982.4,733.5132,905.2205,1.3121,0.8772,810.6,648.5091,315.7248,367.1544,150.5,113.7273,128.74,88.963,1.2588,1.3004,205,32.8182,72.5827,79.3532,6080.3572,3608.0522,854.2627,67.4747,0.9981,0.9521,11848.571,2153.766,4613.6001,4695.9205,74.6375,95.2,48.3485,65.952,1.0577,0.6454,127.05,74.9182,57.1542,58.6627,6.3805,3.5302,3.1441,1.0533,1.0442,1.1788,12.878,1.3335,4.7554,4.2437,116.0066,48.0145,9.6864,0.8087,0.4837,0.7004,399.9734,36.3491,164.78,112.6219,2.25,2.1818,2.2134,2.153,1.3689,1.1988,1,0.9091,0.433,0.3857
grouped__train_fraction_1.0__seed0,82.0,28.471,-53.529,53.529,4,105.3139,76.633,73.0884,42.6054,1.1258,1.1586,188.3839,31.3837,71.6959,75.2195,787.375,982.4,733.5132,905.2205,1.3121,0.8772,810.6,648.5091,315.7248,367.1544,150.5,113.7273,128.74,88.963,1.2588,1.3004,205,32.8182,72.5827,79.3532,6080.3572,3608.0522,854.2627,67.4747,0.9981,0.9521,11848.571,2153.766,4613.6001,4695.9205,74.6375,95.2,48.3485,65.952,1.0577,0.6454,127.05,74.9182,57.1542,58.6627,6.3805,3.5302,3.1441,1.0533,1.0442,1.1788,12.878,1.3335,4.7554,4.2437,116.0066,48.0145,9.6864,0.8087,0.4837,0.7004,399.9734,36.3491,164.78,112.6219,2.25,2.1818,2.2134,2.153,1.3689,1.1988,1,0.9091,0.433,0.3857
grouped__train_fraction_1.0__seed0,81.5,28.471,-53.029,53.029,4,105.3139,76.633,73.0884,42.6054,1.1258,1.1586,188.3839,31.3837,71.6959,75.2195,787.375,982.4,733.5132,905.2205,1.3121,0.8772,810.6,648.5091,315.7248,367.1544,150.5,113.7273,128.74,88.963,1.2588,1.3004,205,32.8182,72.5827,79.3532,6080.3572,3608.0522,854.2627,67.4747,0.9981,0.9521,11848.571,2153.766,4613.6001,4695.9205,74.6375,95.2,48.3485,65.952,1.0577,0.6454,127.05,74.9182,57.1542,58.6627,6.3805,3.5302,3.1441,1.0533,1.0442,1.1788,12.878,1.3335,4.7554,4.2437,116.0066,48.0145,9.6864,0.8087,0.4837,0.7004,399.9734,36.3491,164.78,112.6219,2.25,2.1818,2.2134,2.153,1.3689,1.1988,1,0.9091,0.433,0.3857
grouped__train_fraction_1.0__seed0,80.0,28.471,-51.529,51.529,4,105.3139,76.633,73.0884,42.6054,1.1258,1.1586,188.3839,31.3837,71.6959,75.2195,787.375,982.4,733.5132,905.2205,1.3121,0.8772,810.6,648.5091,315.7248,367.1544,150.5,113.7273,128.74,88.963,1.2588,1.3004,205,32.8182,72.5827,79.3532,6080.3572,3608.0522,854.2627,67.4747,0.9981,0.9521,11848.571,2153.766,4613.6001,4695.9205,74.6375,95.2,48.3485,65.952,1.0577,0.6454,127.05,74.9182,57.1542,58.6627,6.3805,3.5302,3.1441,1.0533,1.0442,1.1788,12.878,1.3335,4.7554,4.2437,116.0066,48.0145,9.6864,0.8087,0.4837,0.7004,399.9734,36.3491,164.78,112.6219,2.25,2.1818,2.2134,2.153,1.3689,1.1988,1,0.9091,0.433,0.3857
ood__input_noise_0.4__seed0,185.0,17.203,-167.797,167.797,2,16.5365,11.3603,5.685,3.1937,0.1364,0.2246,31.0571,10.0164,15.5285,14.6404,1155.15,1207.2,1144.5474,1197.6315,0.684,0.589,312.3,541.2,156.15,147.2196,70.0,64.3333,67.9043,62.5207,0.6634,0.6883,34,6.3333,17.0,16.0278,980.045,653.3933,13.2742,2.5115,0.0005,0.0009,1959.9101,653.2734,979.955,923.9105,137.9,116.7,122.3579,103.6138,0.5827,0.6817,127.2,17.6333,63.6,59.9627,1.144,0.9487,0.9825,0.8137,0.5555,0.6697,1.172,0.2047,0.586,0.5525,0.1928,0.1887,0.1924,0.1883,0.6911,0.6547,0.0245,0.052,0.0122,0.0115,3.5,2.6667,2.4495,1.8171,0.4101,0.5623,5,1.3333,2.5,2.357
ood__input_noise_0.4__seed0,120.0,2.99,-117.01,117.01,3,66.9491,46.5692,14.3657,14.9981,0.3091,0.5357,182.8321,36.5664,82.8806,68.8805,1131.3667,1204.06,1098.4335,1179.7321,1.0713,0.8725,543.4,633.92,255.738,217.1811,98.0,78.0,78.8905,64.6713,0.8811,0.9872,145,28.0,67.2062,57.5326,6417.173,3850.8754,13.523,5.5037,0.0008,0.0022,19249.9101,3849.982,9074.179,7699.5623,98.9667,116.38,94.6554,111.4842,1.0524,0.7623,68.2,70.64,30.8736,32.0429,11.9267,7.2448,1.6306,0.7344,0.118,0.171,34.778,6.8884,16.3159,13.8782,56.7357,34.052,0.9343,0.225,0.0098,0.0124,169.9734,33.9841,80.09,67.974,3.0,2.6,2.2894,2.1689,0.8487,0.911,5,1.0,2.1602,1.7436
ood__input_noise_0.4__seed0,132.0,17.867,-114.133,114.133,3,43.8472,36.8852,37.5308,30.3261,0.9746,1.0618,47.5466,7.8868,20.248,21.2813,903.5,1005.9,860.9726,956.7896,1.0489,0.8857,660.7,493.45,292.0877,308.9396,119.6667,101.75,104.9315,86.2958,0.9919,1.0742,118,17.5,51.3961,54.2604,5383.8097,4038.2145,451.5332,107.0965,0.688,0.6887,8958.571,2239.2855,3873.9077,4085.003,109.4,117.675,103.9808,112.5042,1.0523,0.9272,76.7,54.8,32.1808,31.339,11.274,8.511,3.9065,1.9074,0.7038,0.7295,20.278,5.014,8.3785,8.6921,164.6755,123.5133,9.998,2.2703,0.4872,0.4877,399.9734,99.9867,170.7649,164.1751,3.3333,3.0,2.8845,2.6321,0.9503,1.0114,4,1.0,1.8856,1.7321
ood__input_noise_0.4__seed0,115.0,17.03,-97.97,97.97,3,30.9742,14.975,9.8899,12.6182,0.4433,0.5661,78.8961,11.2561,34.8889,14.3465,1179.6667,1091.7692,1175.8701,1091.4017,1.0954,0.2845,225.6,998.7138,95.8747,29.8741,71.3333,68.0308,69.3681,67.8103,1.0706,0.3014,41,62.0615,17.0163,5.9665,1793.3633,2264.9245,85.9029,1962.7927,0.6805,0.2367,3119.9101,2120.9217,1315.7437,335.6834,185.2667,162.0308,155.5716,158.9929,0.9382,0.3505,251.8,144.6938,104.9439,37.4443,37.1193,98.8147,6.9783,84.7512,0.2359,0.0196,104.442,98.5299,48.0466,24.1608,46.7668,131.3929,1.4474,91.2264,0.0167,0.0007,139.88,131.3818,65.9258,33.6117,3.3333,4.0,2.7144,3.9561,0.9433,0.2456,4,3.7385,1.6997,0.4297
ood__input_noise_0.4__seed0,109.0,18.425,-90.575,90.575,4,88.1694,98.4795,58.5369,70.4539,1.0435,0.9891,192.981,57.4231,74.3587,73.9509,788.6,713.6714,739.2536,681.0045,1.3171,1.3818,764.1,43.9714,308.0315,252.0393,151.0,165.7143,130.679,150.7799,1.275,1.2111,171,55.7143,65.4714,56.2741,3490.3572,3988.7756,488.5563,1124.3404,0.8088,0.8083,9778.571,2794.0816,3749.5809,3752.3952,61.4,49.8143,24.037,18.6406,0.8454,0.9091,138.63,25.38,58.901,53.7691,6.9155,7.8717,3.5858,5.3356,1.1273,1.1112,10.678,3.0826,4.0154,3.3335,60.7566,69.4324,6.2113,13.5382,0.5528,0.5523,199.9734,57.1391,81.4302,83.5225,2.75,2.8571,2.5149,2.5985,1.2883,1.2206,3,1.1429,1.299,1.3553
ood__input_noise_0.4__seed0,91.0,2.316,-88.684,88.684,3,74.2764,57.5278,40.7405,29.3669,0.5821,0.5386,167.8406,45.1088,77.5257,72.3302,859.4667,1168.8346,794.1762,1137.0915,1.0215,0.4757,817.5,966.5481,339.7255,245.6577,143.6667,85.5556,120.7399,68.8386,0.9653,0.7895,145,45.3086,67.6576,63.4813,6739.8097,4766.0956,298.6158,16.2026,0.193,0.0196,19248.571,4752.0279,8854.8372,8294.1435,92.3,126.0037,85.2607,122.143,1.0202,0.4669,88.2,104.8852,37.0265,28.0238,12.6073,8.8385,2.7235,0.7983,0.286,0.1165,34.778,8.6099,15.8637,14.9823,103.3422,43.7234,8.5844,0.2572,0.6893,0.1704,169.9734,41.9556,74.0747,73.9327,3.0,2.9753,2.2894,2.6009,0.8487,0.7172,5,1.4691,2.1602,1.7354
ood__input_noise_0.4__seed0,117.5,29.99,-87.51,87.51,4,46.8466,36.9333,41.4512,30.3532,1.2933,1.1355,47.5466,15.1884,18.2887,21.3197,867.4,1007.2338,834.2895,958.603,1.3448,0.923,660.7,647.0612,260.5687,307.6382,128.75,101.625,115.8672,86.2288,1.3047,1.1517,118,37.475,47.209,54.1236,6006.3572,4046.7645,922.7119,107.2182,1.0951,0.7834,8958.571,2239.2855,3523.9278,4092.3001,86.35,117.0675,66.3128,110.6331,1.1978,0.9314,125.3,71.035,48.6889,32.7768,11.9055,8.4273,5.3557,1.8979,1.1018,0.8209,20.278,4.7578,7.338,8.608,143.2566,123.3258,16.7626,2.2653,0.8211,0.519,399.9734,99.9867,152.469,164.2173,3.25,2.9625,2.913,2.6094,1.2712,1.0742,4,1.3875,1.6394,1.6989
ood__input_noise_0.4__seed0,143.0,56.007,-86.993,86.993,6,110.7901,53.7791,78.4198,34.8142,1.5341,1.6854,191.2006,12.5434,75.5872,54.7646,811.8667,999.3661,770.0241,934.7416,1.7379,1.086,810.6,662.5843,273.2329,338.7775,160.8333,115.4201,144.2142,91.6565,1.7071,1.6118,205,27.8649,61.5452,75.7221,6482.5715,3002.0297,1484.2363,72.4021,1.4107,1.3014,13532.571,1595.3315,5076.5237,4147.9816,53.3033,98.0778,19.5648,54.8202,1.201,0.6923,141.0,73.465,56.6131,58.9765,6.1537,4.662,3.5982,1.3024,1.5052,1.2604,12.878,2.2407,4.2697,5.1265,110.2211,98.8699,14.9398,1.4263,0.9748,0.7229,399.9734,71.2394,146.4728,153.8149,2.3333,2.0418,2.2449,2.0292,1.7479,1.4167,2,0.9509,0.7454,0.286
ood__input_noise_0.4__seed0,143.0,57.495,-85.505,85.505,6,110.7901,54.751,78.4198,35.6346,1.5341,1.6765,191.2006,13.2809,75.5872,54.8716,811.8667,990.1475,770.0241,925.7754,1.7379,1.1136,810.6,643.14,273.2329,338.5936,160.8333,117.4312,144.2142,93.5302,1.7071,1.6088,205,28.7375,61.5452,75.7211,6482.5715,3117.952,1484.2363,82.6614,1.4107,1.2823,13532.571,1679.2855,5076.5237,4194.7967,53.3033,96.8981,19.5648,53.1845,1.201,0.7095,141.0,71.1844,56.6131,59.2984,6.1537,4.8244,3.5982,1.3818,1.5052,1.2448,12.878,2.3668,4.2697,5.1671,110.2211,103.2827,14.9398,1.6363,0.9748,0.7123,399.9734,74.9867,146.4728,156.2024,2.3333,2.0375,2.2449,2.0262,1.7479,1.4324,2,0.925,0.7454,0.2713
ood__input_noise_0.4__seed0,135.0,50.636,-84.364,84.364,5,91.5081,84.6708,64.5703,66.3574,1.3275,1.3838,184.5906,28.7394,68.0099,56.7785,831.2,748.6556,781.4832,713.4838,1.548,1.5575,810.6,136.6667,295.5415,248.7242,162.2,172.0,142.333,157.6879,1.5089,1.4201,205,50.8889,67.3362,59.3052,5511.0858,5615.0477,988.2824,1952.1707,1.1394,1.1343,13532.571,2986.5079,5026.1919,4342.3025,56.644,60.26,17.2613,22.214,0.9546,0.8637,141.0,39.8,61.4743,58.9373,6.4304,8.3213,3.401,5.5906,1.2866,1.1291,12.878,4.342,4.6278,4.3562,125.2653,182.703,12.6008,38.4338,0.8106,0.6843,399.9734,133.3304,156.1639,170.0632,2.0,2.0,2.0,2.0,1.6094,1.523,0,0.4444,0.0,0.0
ood__input_noise_0.4__seed0,134.5,50.636,-83.864,83.864,5,91.5081,84.6708,64.5703,66.3574,1.3275,1.3838,184.5906,28.7394,68.0099,56.7785,831.2,748.6556,781.4832,713.4838,1.548,1.5575,810.6,136.6667,295.5415,248.7242,162.2,172.0,142.333,157.6879,1.5089,1.4201,205,50.8889,67.3362,59.3052,5511.0858,5615.0477,988.2824,1952.1707,1.1394,1.1343,13532.571,2986.5079,5026.1919,4342.3025,56.644,60.26,17.2613,22.214,0.9546,0.8637,141.0,39.8,61.4743,58.9373,6.4304,8.3213,3.401,5.5906,1.2866,1.1291,12.878,4.342,4.6278,4.3562,125.2653,182.703,12.6008,38.4338,0.8106,0.6843,399.9734,133.3304,156.1639,170.0632,2.0,2.0,2.0,2.0,1.6094,1.523,0,0.4444,0.0,0.0
ood__input_noise_0.4__seed0,135.0,51.152,-83.848,83.848,6,107.2912,84.511,77.0359,66.3025,1.545,1.4652,184.5906,28.7394,71.4142,56.4714,819.1833,745.9122,777.7074,711.2548,1.7393,1.596,810.6,239.8989,271.1261,247.2278,166.5,172.1889,149.0897,157.8541,1.7085,1.4593,205,54.1333,62.2167,59.3288,8095.9048,5698.2254,1645.0268,1961.7439,1.3304,1.2531,21018.571,2986.5079,7379.6083,4559.463,49.87,60.4211,17.0444,22.806,1.1121,0.8798,141.0,39.8167,58.1264,58.7961,10.8587,8.6626,4.9669,5.7588,1.328,1.2495,32.778,4.342,10.7655,5.0222,112.3878,183.1441,15.7473,39.1906,1.0096,0.6999,399.9734,133.3304,145.4366,169.6613,2.8333,2.0556,2.4644,2.028,1.6242,1.6186,5,0.5889,1.8634,0.5241
ood__input_noise_0.4__seed0,135.8,52.048,-83.752,83.752,5,91.5081,52.2348,64.5703,34.676,1.3275,1.5297,184.5906,12.4201,68.0099,51.4931,831.2,993.9294,781.4832,928.9795,1.548,1.0635,810.6,618.4245,295.5415,339.4534,162.2,117.1319,142.333,93.0167,1.5089,1.5337,205,24.3991,67.3362,76.2616,5511.0858,2992.4747,988.2824,77.321,1.1394,1.1118,13532.571,1718.5261,5026.1919,4099.4798,56.644,97.7077,17.2613,53.0474,0.9546,0.675,141.0,72.095,61.4743,59.3937,6.4304,4.8444,3.401,1.3624,1.2866,1.1753,12.878,2.4077,4.6278,5.2169,125.2653,104.9916,12.6008,1.5782,0.8106,0.6783,399.9734,76.7388,156.1639,157.578,2.0,2.0,2.0,2.0,1.6094,1.3292,0,0.9203,0.0,0.0
ood__input_noise_0.4__seed0,135.7,52.354,-83.346,83.346,5,91.5081,54.6271,64.5703,35.613,1.3275,1.5341,184.5906,12.1561,68.0099,54.5335,831.2,995.6,781.4832,931.7166,1.548,1.0916,810.6,593.7375,295.5415,336.4568,162.2,117.75,142.333,93.714,1.5089,1.5589,205,20.9375,67.3362,75.9099,5511.0858,3159.0895,988.2824,82.936,1.1394,1.1359,13532.571,1679.2855,5026.1919,4285.0148,56.644,96.24,17.2613,50.0924,0.9546,0.6741,141.0,71.1562,61.4743,60.1526,6.4304,4.7779,3.401,1.3629,1.2866,1.1967,12.878,2.3452,4.6278,5.1786,125.2653,102.782,12.6008,1.5927,0.8106,0.6853,399.9734,74.9867,156.1639,156.463,2.0,2.0,2.0,2.0,1.6094,1.3536,0,0.875,0.0,0.0
ood__input_noise_0.4__seed0,135.4,52.083,-83.317,83.317,5,91.5081,52.2818,64.5703,34.7108,1.3275,1.5296,184.5906,12.4362,68.0099,51.5099,831.2,993.5153,781.4832,928.5625,1.548,1.0647,810.6,617.5233,295.5415,339.4786,162.2,117.2216,142.333,93.0966,1.5089,1.5337,205,24.4307,67.3362,76.2704,5511.0858,2996.3551,988.2824,77.7224,1.1394,1.1118,13532.571,1720.7574,5026.1919,4100.7214,56.644,97.6496,17.2613,52.9794,0.9546,0.6757,141.0,72.0036,61.4743,59.4102,6.4304,4.8504,3.401,1.3656,1.2866,1.1752,12.878,2.4108,4.6278,5.2176,125.2653,105.1277,12.6008,1.5866,0.8106,0.6783,399.9734,76.8384,156.1639,157.6348,2.0,2.0,2.0,2.0,1.6094,1.33,0,0.9189,0.0,0.0
ood__input_noise_0.4__seed0,135.5,52.354,-83.146,83.146,5,91.5081,54.6271,64.5703,35.613,1.3275,1.5341,184.5906,12.1561,68.0099,54.5335,831.2,995.6,781.4832,931.7166,1.548,1.0916,810.6,593.7375,295.5415,336.4568,162.2,117.75,142.333,93.714,1.5089,1.5589,205,20.9375,67.3362,75.9099,5511.0858,3159.0895,988.2824,82.936,1.1394,1.1359,13532.571,1679.2855,5026.1919,4285.0148,56.644,96.24,17.2613,50.0924,0.9546,0.6741,141.0,71.1562,61.4743,60.1526,6.4304,4.7779,3.401,1.3629,1.2866,1.1967,12.878,2.3452,4.6278,5.1786,125.2653,102.782,12.6008,1.5927,0.8106,0.6853,399.9734,74.9867,156.1639,156.463,2.0,2.0,2.0,2.0,1.6094,1.3536,0,0.875,0.0,0.0
ood__input_noise_0.4__seed0,90.4,7.368,-83.032,83.032,3,80.7441,130.537,58.0225,123.8388,0.8691,0.1559,121.3276,125.7009,49.8669,25.2289,810.3333,539.44,740.5092,526.4333,1.0063,0.4999,810.6,437.684,358.4851,159.4622,171.0,243.16,137.0564,235.0574,0.9355,0.1971,205,230.84,88.5701,40.6376,2661.143,3408.1372,282.0203,2593.6054,0.6875,0.206,4470.571,3229.1428,1921.2704,720.4475,63.0167,21.158,40.9105,17.3651,0.7146,0.7872,127.05,12.97,56.5652,24.9576,6.5407,7.8249,2.7255,7.0303,0.732,0.231,11.178,7.3511,4.6786,1.6887,11.6755,17.2411,2.0111,13.8373,0.6984,0.1668,17.9734,16.5589,8.2472,3.5193,2.3333,2.04,2.2894,2.0327,1.079,0.3867,1,1.76,0.4714,0.196
ood__input_noise_0.4__seed0,135.0,52.151,-82.849,82.849,5,91.5081,53.9861,64.5703,35.1432,1.3275,1.536,184.5906,11.9544,68.0099,54.3038,831.2,1000.8689,781.4832,937.037,1.548,1.0767,810.6,605.6753,295.5415,336.1097,162.2,116.5925,142.333,92.6793,1.5089,1.559,205,20.59,67.3362,75.8029,5511.0858,3106.6883,988.2824,77.5308,1.1394,1.136,13532.571,1651.3941,5026.1919,4268.4149,56.644,97.0077,17.2613,50.969,0.9546,0.6649,141.0,72.3402,61.4743,59.9435,6.4304,4.7023,3.401,1.3225,1.2866,1.1987,12.878,2.3026,4.6278,5.1683,125.2653,101.0768,12.6008,1.4881,0.8106,0.6854,399.9734,73.7419,156.1639,155.7136,2.0,2.0,2.0,2.0,1.6094,1.3425,0,0.8937,0.0,0.0
ood__input_noise_0.4__seed0,133.0,50.244,-82.756,82.756,6,107.2912,84.3512,77.0359,66.2477,1.545,1.51,184.5906,28.7394,71.4142,56.1622,819.1833,743.1689,777.7074,709.0328,1.7393,1.6174,810.6,231.4644,271.1261,245.6916,166.5,172.3778,149.0897,158.0204,1.7085,1.4804,205,52.0444,62.2167,59.3518,8095.9048,5781.4032,1645.0268,1971.364,1.3304,1.3097,21018.571,2986.5079,7379.6083,4765.2888,49.87,60.5822,17.0444,23.4138,1.1121,0.8918,141.0,39.8333,58.1264,58.6542,10.8587,9.0038,4.9669,5.932,1.328,1.3055,32.778,4.342,10.7655,5.5889,112.3878,183.5852,15.7473,39.9623,1.0096,0.7113,399.9734,133.3304,145.4366,169.2573,2.8333,2.1111,2.4644,2.0565,1.6242,1.6576,5,0.5111,1.8634,0.737
ood__input_noise_0.4__seed0,135.0,52.246,-82.754,82.754,5,91.5081,53.9394,64.5703,35.1093,1.3275,1.5361,184.5906,11.9397,68.0099,54.2868,831.2,1001.2522,781.4832,937.4252,1.548,1.0756,810.6,606.5438,295.5415,336.0812,162.2,116.5083,142.333,92.6045,1.5089,1.559,205,20.5648,67.3362,75.7944,5511.0858,3102.8758,988.2824,77.1516,1.1394,1.136,13532.571,1649.3649,5026.1919,4267.1795,56.644,97.0635,17.2613,51.0334,0.9546,0.6642,141.0,72.4263,61.4743,59.9278,6.4304,4.6968,3.401,1.3196,1.2866,1.1989,12.878,2.2995,4.6278,5.1675,125.2653,100.9528,12.6008,1.4808,0.8106,0.6854,399.9734,73.6513,156.1639,155.6582,2.0,2.0,2.0,2.0,1.6094,1.3417,0,0.895,0.0,0.0
ood__input_noise_0.4__seed0,135.0,52.354,-82.646,82.646,5,91.5081,54.6271,64.5703,35.613,1.3275,1.5341,184.5906,12.1561,68.0099,54.5335,831.2,995.6,781.4832,931.7166,1.548,1.0916,810.6,593.7375,295.5415,336.4568,162.2,117.75,142.333,93.714,1.5089,1.5589,205,20.9375,67.3362,75.9099,5511.0858,3159.0895,988.2824,82.936,1.1394,1.1359,13532.571,1679.2855,5026.1919,4285.0148,56.644,96.24,17.2613,50.0924,0.9546,0.6741,141.0,71.1562,61.4743,60.1526,6.4304,4.7779,3.401,1.3629,1.2866,1.1967,12.878,2.3452,4.6278,5.1786,125.2653,102.782,12.6008,1.5927,0.8106,0.6853,399.9734,74.9867,156.1639,156.463,2.0,2.0,2.0,2.0,1.6094,1.3536,0,0.875,0.0,0.0
ood__input_noise_0.4__seed0,134.0,51.613,-82.387,82.387,6,92.2501,52.409,68.9777,34.612,1.5585,1.6082,184.5906,15.577,62.1064,51.9024,806.8,999.4268,764.4698,935.1501,1.7366,1.0867,810.6,664.2122,275.2529,337.732,166.8333,116.2805,149.3529,92.3157,1.7084,1.6087,205,28.5366,62.3362,75.9431,6305.9048,3042.3905,1460.1576,74.8633,1.4148,1.2467,13532.571,1638.2925,4920.453,4177.1762,59.4367,98.2451,21.9707,53.8829,1.2665,0.7052,141.0,72.9146,56.4645,58.9505,11.3587,5.0779,5.0395,1.3485,1.2985,1.3769,35.778,2.2846,11.802,6.1962,127.5544,101.8697,18.8005,1.4918,1.1372,0.7539,399.9734,73.1571,142.6494,155.0722,2.6667,2.0488,2.4019,2.027,1.6675,1.4249,4,0.9512,1.4907,0.439
ood__input_noise_0.4__seed0,133.0,50.636,-82.364,82.364,5,91.5081,84.6708,64.5703,66.3574,1.3275,1.3838,184.5906,28.7394,68.0099,56.7785,831.2,748.6556,781.4832,713.4838,1.548,1.5575,810.6,136.6667,295.5415,248.7242,162.2,172.0,142.333,157.6879,1.5089,1.4201,205,50.8889,67.3362,59.3052,5511.0858,5615.0477,988.2824,1952.1707,1.1394,1.1343,13532.571,2986.5079,5026.1919,4342.3025,56.644,60.26,17.2613,22.214,0.9546,0.8637,141.0,39.8,61.4743,58.9373,6.4304,8.3213,3.401,5.5906,1.2866,1.1291,12.878,4.342,4.6278,4.3562,125.2653,182.703,12.6008,38.4338,0.8106,0.6843,399.9734,133.3304,156.1639,170.0632,2.0,2.0,2.0,2.0,1.6094,1.523,0,0.4444,0.0,0.0
ood__input_noise_0.4__seed0,134.7,52.386,-82.314,82.314,5,91.5081,52.365,64.5703,34.7725,1.3275,1.5294,184.5906,12.4647,68.0099,51.5396,831.2,992.7832,781.4832,927.8257,1.548,1.0667,810.6,615.9297,295.5415,339.5221,162.2,117.3802,142.333,93.238,1.5089,1.5336,205,24.4867,67.3362,76.2856,5511.0858,3003.2165,988.2824,78.4372,1.1394,1.1118,13532.571,1724.703,5026.1919,4102.9069,56.644,97.5468,17.2613,52.8595,0.9546,0.677,141.0,71.8421,61.4743,59.4394,6.4304,4.861,3.401,1.3713,1.2866,1.1749,12.878,2.4163,4.6278,5.2189,125.2653,105.3685,12.6008,1.6016,0.8106,0.6783,399.9734,77.0145,156.1639,157.7348,2.0,2.0,2.0,2.0,1.6094,1.3315,0,0.9164,0.0,0.0
ood__input_noise_0.4__seed0,132.9,50.636,-82.264,82.264,5,91.5081,84.6708,64.5703,66.3574,1.3275,1.3838,184.5906,28.7394,68.0099,56.7785,831.2,748.6556,781.4832,713.4838,1.548,1.5575,810.6,136.6667,295.5415,248.7242,162.2,172.0,142.333,157.6879,1.5089,1.4201,205,50.8889,67.3362,59.3052,5511.0858,5615.0477,988.2824,1952.1707,1.1394,1.1343,13532.571,2986.5079,5026.1919,4342.3025,56.644,60.26,17.2613,22.214,0.9546,0.8637,141.0,39.8,61.4743,58.9373,6.4304,8.3213,3.401,5.5906,1.2866,1.1291,12.878,4.342,4.6278,4.3562,125.2653,182.703,12.6008,38.4338,0.8106,0.6843,399.9734,133.3304,156.1639,170.0632,2.0,2.0,2.0,2.0,1.6094,1.523,0,0.4444,0.0,0.0
ood__label_noise_0.4__seed0,185.0,43.171,-141.829,141.829,2,16.5365,11.3603,5.685,3.1937,0.1364,0.2246,31.0571,10.0164,15.5285,14.6404,1155.15,1207.2,1144.5474,1197.6315,0.684,0.589,312.3,541.2,156.15,147.2196,70.0,64.3333,67.9043,62.5207,0.6634,0.6883,34,6.3333,17.0,16.0278,980.045,653.3933,13.2742,2.5115,0.0005,0.0009,1959.9101,653.2734,979.955,923.9105,137.9,116.7,122.3579,103.6138,0.5827,0.6817,127.2,17.6333,63.6,59.9627,1.144,0.9487,0.9825,0.8137,0.5555,0.6697,1.172,0.2047,0.586,0.5525,0.1928,0.1887,0.1924,0.1883,0.6911,0.6547,0.0245,0.052,0.0122,0.0115,3.5,2.6667,2.4495,1.8171,0.4101,0.5623,5,1.3333,2.5,2.357
ood__label_noise_0.4__seed0,132.0,13.385,-118.615,118.615,3,43.8472,36.8852,37.5308,30.3261,0.9746,1.0618,47.5466,7.8868,20.248,21.2813,903.5,1005.9,860.9726,956.7896,1.0489,0.8857,660.7,493.45,292.0877,308.9396,119.6667,101.75,104.9315,86.2958,0.9919,1.0742,118,17.5,51.3961,54.2604,5383.8097,4038.2145,451.5332,107.0965,0.688,0.6887,8958.571,2239.2855,3873.9077,4085.003,109.4,117.675,103.9808,112.5042,1.0523,0.9272,76.7,54.8,32.1808,31.339,11.274,8.511,3.9065,1.9074,0.7038,0.7295,20.278,5.014,8.3785,8.6921,164.6755,123.5133,9.998,2.2703,0.4872,0.4877,399.9734,99.9867,170.7649,164.1751,3.3333,3.0,2.8845,2.6321,0.9503,1.0114,4,1.0,1.8856,1.7321
ood__label_noise_0.4__seed0,120.0,3.982,-116.018,116.018,3,66.9491,46.5692,14.3657,14.9981,0.3091,0.5357,182.8321,36.5664,82.8806,68.8805,1131.3667,1204.06,1098.4335,1179.7321,1.0713,0.8725,543.4,633.92,255.738,217.1811,98.0,78.0,78.8905,64.6713,0.8811,0.9872,145,28.0,67.2062,57.5326,6417.173,3850.8754,13.523,5.5037,0.0008,0.0022,19249.9101,3849.982,9074.179,7699.5623,98.9667,116.38,94.6554,111.4842,1.0524,0.7623,68.2,70.64,30.8736,32.0429,11.9267,7.2448,1.6306,0.7344,0.118,0.171,34.778,6.8884,16.3159,13.8782,56.7357,34.052,0.9343,0.225,0.0098,0.0124,169.9734,33.9841,80.09,67.974,3.0,2.6,2.2894,2.1689,0.8487,0.911,5,1.0,2.1602,1.7436
ood__label_noise_0.4__seed0,115.0,16.512,-98.488,98.488,3,30.9742,14.975,9.8899,12.6182,0.4433,0.5661,78.8961,11.2561,34.8889,14.3465,1179.6667,1091.7692,1175.8701,1091.4017,1.0954,0.2845,225.6,998.7138,95.8747,29.8741,71.3333,68.0308,69.3681,67.8103,1.0706,0.3014,41,62.0615,17.0163,5.9665,1793.3633,2264.9245,85.9029,1962.7927,0.6805,0.2367,3119.9101,2120.9217,1315.7437,335.6834,185.2667,162.0308,155.5716,158.9929,0.9382,0.3505,251.8,144.6938,104.9439,37.4443,37.1193,98.8147,6.9783,84.7512,0.2359,0.0196,104.442,98.5299,48.0466,24.1608,46.7668,131.3929,1.4474,91.2264,0.0167,0.0007,139.88,131.3818,65.9258,33.6117,3.3333,4.0,2.7144,3.9561,0.9433,0.2456,4,3.7385,1.6997,0.4297
ood__label_noise_0.4__seed0,109.0,14.301,-94.699,94.699,4,88.1694,98.4795,58.5369,70.4539,1.0435,0.9891,192.981,57.4231,74.3587,73.9509,788.6,713.6714,739.2536,681.0045,1.3171,1.3818,764.1,43.9714,308.0315,252.0393,151.0,165.7143,130.679,150.7799,1.275,1.2111,171,55.7143,65.4714,56.2741,3490.3572,3988.7756,488.5563,1124.3404,0.8088,0.8083,9778.571,2794.0816,3749.5809,3752.3952,61.4,49.8143,24.037,18.6406,0.8454,0.9091,138.63,25.38,58.901,53.7691,6.9155,7.8717,3.5858,5.3356,1.1273,1.1112,10.678,3.0826,4.0154,3.3335,60.7566,69.4324,6.2113,13.5382,0.5528,0.5523,199.9734,57.1391,81.4302,83.5225,2.75,2.8571,2.5149,2.5985,1.2883,1.2206,3,1.1429,1.299,1.3553
ood__label_noise_0.4__seed0,143.0,48.757,-94.243,94.243,6,110.7901,54.751,78.4198,35.6346,1.5341,1.6765,191.2006,13.2809,75.5872,54.8716,811.8667,990.1475,770.0241,925.7754,1.7379,1.1136,810.6,643.14,273.2329,338.5936,160.8333,117.4312,144.2142,93.5302,1.7071,1.6088,205,28.7375,61.5452,75.7211,6482.5715,3117.952,1484.2363,82.6614,1.4107,1.2823,13532.571,1679.2855,5076.5237,4194.7967,53.3033,96.8981,19.5648,53.1845,1.201,0.7095,141.0,71.1844,56.6131,59.2984,6.1537,4.8244,3.5982,1.3818,1.5052,1.2448,12.878,2.3668,4.2697,5.1671,110.2211,103.2827,14.9398,1.6363,0.9748,0.7123,399.9734,74.9867,146.4728,156.2024,2.3333,2.0375,2.2449,2.0262,1.7479,1.4324,2,0.925,0.7454,0.2713
ood__label_noise_0.4__seed0,143.0,48.998,-94.002,94.002,6,110.7901,53.7791,78.4198,34.8142,1.5341,1.6854,191.2006,12.5434,75.5872,54.7646,811.8667,999.3661,770.0241,934.7416,1.7379,1.086,810.6,662.5843,273.2329,338.7775,160.8333,115.4201,144.2142,91.6565,1.7071,1.6118,205,27.8649,61.5452,75.7221,6482.5715,3002.0297,1484.2363,72.4021,1.4107,1.3014,13532.571,1595.3315,5076.5237,4147.9816,53.3033,98.0778,19.5648,54.8202,1.201,0.6923,141.0,73.465,56.6131,58.9765,6.1537,4.662,3.5982,1.3024,1.5052,1.2604,12.878,2.2407,4.2697,5.1265,110.2211,98.8699,14.9398,1.4263,0.9748,0.7229,399.9734,71.2394,146.4728,153.8149,2.3333,2.0418,2.2449,2.0292,1.7479,1.4167,2,0.9509,0.7454,0.286
ood__label_noise_0.4__seed0,117.5,26.449,-91.051,91.051,4,46.8466,36.9333,41.4512,30.3532,1.2933,1.1355,47.5466,15.1884,18.2887,21.3197,867.4,1007.2338,834.2895,958.603,1.3448,0.923,660.7,647.0612,260.5687,307.6382,128.75,101.625,115.8672,86.2288,1.3047,1.1517,118,37.475,47.209,54.1236,6006.3572,4046.7645,922.7119,107.2182,1.0951,0.7834,8958.571,2239.2855,3523.9278,4092.3001,86.35,117.0675,66.3128,110.6331,1.1978,0.9314,125.3,71.035,48.6889,32.7768,11.9055,8.4273,5.3557,1.8979,1.1018,0.8209,20.278,4.7578,7.338,8.608,143.2566,123.3258,16.7626,2.2653,0.8211,0.519,399.9734,99.9867,152.469,164.2173,3.25,2.9625,2.913,2.6094,1.2712,1.0742,4,1.3875,1.6394,1.6989
ood__label_noise_0.4__seed0,135.7,46.468,-89.232,89.232,5,91.5081,54.6271,64.5703,35.613,1.3275,1.5341,184.5906,12.1561,68.0099,54.5335,831.2,995.6,781.4832,931.7166,1.548,1.0916,810.6,593.7375,295.5415,336.4568,162.2,117.75,142.333,93.714,1.5089,1.5589,205,20.9375,67.3362,75.9099,5511.0858,3159.0895,988.2824,82.936,1.1394,1.1359,13532.571,1679.2855,5026.1919,4285.0148,56.644,96.24,17.2613,50.0924,0.9546,0.6741,141.0,71.1562,61.4743,60.1526,6.4304,4.7779,3.401,1.3629,1.2866,1.1967,12.878,2.3452,4.6278,5.1786,125.2653,102.782,12.6008,1.5927,0.8106,0.6853,399.9734,74.9867,156.1639,156.463,2.0,2.0,2.0,2.0,1.6094,1.3536,0,0.875,0.0,0.0
ood__label_noise_0.4__seed0,133.5,44.399,-89.101,89.101,6,90.8601,54.4183,67.9403,36.6224,1.555,1.7006,184.5906,11.6118,62.1012,50.8695,784.1667,968.7821,736.8206,901.7217,1.7276,1.1746,810.6,594.3761,289.5652,345.4289,171.6667,123.0,152.9309,97.7045,1.7055,1.7119,205,22.5522,65.012,77.7589,5030.9048,2972.6527,1163.394,94.4805,1.3359,1.2633,13532.571,1604.0936,4712.2224,3989.3116,48.2917,92.2982,14.6796,46.7397,1.0408,0.697,141.0,67.9925,59.1443,61.541,6.692,5.0074,3.9221,1.5031,1.5296,1.3807,12.878,2.2437,4.2649,5.108,110.2211,100.1455,14.9398,1.8688,0.9748,0.7665,399.9734,71.6291,146.4728,153.3578,2.0,2.0,2.0,2.0,1.7918,1.4758,0,0.8657,0.0,0.0
ood__label_noise_0.4__seed0,135.5,46.468,-89.032,89.032,5,91.5081,54.6271,64.5703,35.613,1.3275,1.5341,184.5906,12.1561,68.0099,54.5335,831.2,995.6,781.4832,931.7166,1.548,1.0916,810.6,593.7375,295.5415,336.4568,162.2,117.75,142.333,93.714,1.5089,1.5589,205,20.9375,67.3362,75.9099,5511.0858,3159.0895,988.2824,82.936,1.1394,1.1359,13532.571,1679.2855,5026.1919,4285.0148,56.644,96.24,17.2613,50.0924,0.9546,0.6741,141.0,71.1562,61.4743,60.1526,6.4304,4.7779,3.401,1.3629,1.2866,1.1967,12.878,2.3452,4.6278,5.1786,125.2653,102.782,12.6008,1.5927,0.8106,0.6853,399.9734,74.9867,156.1639,156.463,2.0,2.0,2.0,2.0,1.6094,1.3536,0,0.875,0.0,0.0
ood__label_noise_0.4__seed0,131.0,42.076,-88.924,88.924,5,92.2667,52.578,64.8127,34.013,1.3233,1.5399,188.3839,11.4411,69.2327,54.3003,747.78,989.7412,702.1152,921.2332,1.541,0.9882,810.6,660.5294,293.2861,349.5182,159.2,112.7647,139.7434,89.6122,1.5073,1.5514,205,20.5882,67.2113,74.8595,5174.2858,2874.2859,962.3642,64.8038,1.1651,1.1282,11848.571,1580.4199,4506.8955,3987.2347,60.484,100.0906,29.1775,62.163,1.1126,0.6926,138.63,74.9859,58.4343,57.6562,6.8124,4.6222,3.8396,1.2694,1.3455,1.2523,12.878,2.1942,4.3402,5.1081,132.8053,98.9552,17.7474,1.3846,0.9499,0.7645,399.9734,70.5742,151.1646,152.6814,2.2,2.0588,2.1689,2.0483,1.5942,1.3507,1,0.8824,0.4,0.2353
ood__label_noise_0.4__seed0,135.8,46.997,-88.803,88.803,5,91.5081,52.2348,64.5703,34.676,1.3275,1.5297,184.5906,12.4201,68.0099,51.4931,831.2,993.9294,781.4832,928.9795,1.548,1.0635,810.6,618.4245,295.5415,339.4534,162.2,117.1319,142.333,93.0167,1.5089,1.5337,205,24.3991,67.3362,76.2616,5511.0858,2992.4747,988.2824,77.321,1.1394,1.1118,13532.571,1718.5261,5026.1919,4099.4798,56.644,97.7077,17.2613,53.0474,0.9546,0.675,141.0,72.095,61.4743,59.3937,6.4304,4.8444,3.401,1.3624,1.2866,1.1753,12.878,2.4077,4.6278,5.2169,125.2653,104.9916,12.6008,1.5782,0.8106,0.6783,399.9734,76.7388,156.1639,157.578,2.0,2.0,2.0,2.0,1.6094,1.3292,0,0.9203,0.0,0.0
ood__label_noise_0.4__seed0,135.4,46.686,-88.714,88.714,5,91.5081,52.2818,64.5703,34.7108,1.3275,1.5296,184.5906,12.4362,68.0099,51.5099,831.2,993.5153,781.4832,928.5625,1.548,1.0647,810.6,617.5233,295.5415,339.4786,162.2,117.2216,142.333,93.0966,1.5089,1.5337,205,24.4307,67.3362,76.2704,5511.0858,2996.3551,988.2824,77.7224,1.1394,1.1118,13532.571,1720.7574,5026.1919,4100.7214,56.644,97.6496,17.2613,52.9794,0.9546,0.6757,141.0,72.0036,61.4743,59.4102,6.4304,4.8504,3.401,1.3656,1.2866,1.1752,12.878,2.4108,4.6278,5.2176,125.2653,105.1277,12.6008,1.5866,0.8106,0.6783,399.9734,76.8384,156.1639,157.6348,2.0,2.0,2.0,2.0,1.6094,1.33,0,0.9189,0.0,0.0
ood__label_noise_0.4__seed0,135.0,46.468,-88.532,88.532,5,91.5081,54.6271,64.5703,35.613,1.3275,1.5341,184.5906,12.1561,68.0099,54.5335,831.2,995.6,781.4832,931.7166,1.548,1.0916,810.6,593.7375,295.5415,336.4568,162.2,117.75,142.333,93.714,1.5089,1.5589,205,20.9375,67.3362,75.9099,5511.0858,3159.0895,988.2824,82.936,1.1394,1.1359,13532.571,1679.2855,5026.1919,4285.0148,56.644,96.24,17.2613,50.0924,0.9546,0.6741,141.0,71.1562,61.4743,60.1526,6.4304,4.7779,3.401,1.3629,1.2866,1.1967,12.878,2.3452,4.6278,5.1786,125.2653,102.782,12.6008,1.5927,0.8106,0.6853,399.9734,74.9867,156.1639,156.463,2.0,2.0,2.0,2.0,1.6094,1.3536,0,0.875,0.0,0.0
ood__label_noise_0.4__seed0,91.0,2.687,-88.313,88.313,3,74.2764,57.5278,40.7405,29.3669,0.5821,0.5386,167.8406,45.1088,77.5257,72.3302,859.4667,1168.8346,794.1762,1137.0915,1.0215,0.4757,817.5,966.5481,339.7255,245.6577,143.6667,85.5556,120.7399,68.8386,0.9653,0.7895,145,45.3086,67.6576,63.4813,6739.8097,4766.0956,298.6158,16.2026,0.193,0.0196,19248.571,4752.0279,8854.8372,8294.1435,92.3,126.0037,85.2607,122.143,1.0202,0.4669,88.2,104.8852,37.0265,28.0238,12.6073,8.8385,2.7235,0.7983,0.286,0.1165,34.778,8.6099,15.8637,14.9823,103.3422,43.7234,8.5844,0.2572,0.6893,0.1704,169.9734,41.9556,74.0747,73.9327,3.0,2.9753,2.2894,2.6009,0.8487,0.7172,5,1.4691,2.1602,1.7354
ood__label_noise_0.4__seed0,134.7,46.586,-88.114,88.114,5,91.5081,52.365,64.5703,34.7725,1.3275,1.5294,184.5906,12.4647,68.0099,51.5396,831.2,992.7832,781.4832,927.8257,1.548,1.0667,810.6,615.9297,295.5415,339.5221,162.2,117.3802,142.333,93.238,1.5089,1.5336,205,24.4867,67.3362,76.2856,5511.0858,3003.2165,988.2824,78.4372,1.1394,1.1118,13532.571,1724.703,5026.1919,4102.9069,56.644,97.5468,17.2613,52.8595,0.9546,0.677,141.0,71.8421,61.4743,59.4394,6.4304,4.861,3.401,1.3713,1.2866,1.1749,12.878,2.4163,4.6278,5.2189,125.2653,105.3685,12.6008,1.6016,0.8106,0.6783,399.9734,77.0145,156.1639,157.7348,2.0,2.0,2.0,2.0,1.6094,1.3315,0,0.9164,0.0,0.0
ood__label_noise_0.4__seed0,134.5,46.468,-88.032,88.032,5,91.5081,54.6271,64.5703,35.613,1.3275,1.5341,184.5906,12.1561,68.0099,54.5335,831.2,995.6,781.4832,931.7166,1.548,1.0916,810.6,593.7375,295.5415,336.4568,162.2,117.75,142.333,93.714,1.5089,1.5589,205,20.9375,67.3362,75.9099,5511.0858,3159.0895,988.2824,82.936,1.1394,1.1359,13532.571,1679.2855,5026.1919,4285.0148,56.644,96.24,17.2613,50.0924,0.9546,0.6741,141.0,71.1562,61.4743,60.1526,6.4304,4.7779,3.401,1.3629,1.2866,1.1967,12.878,2.3452,4.6278,5.1786,125.2653,102.782,12.6008,1.5927,0.8106,0.6853,399.9734,74.9867,156.1639,156.463,2.0,2.0,2.0,2.0,1.6094,1.3536,0,0.875,0.0,0.0
ood__label_noise_0.4__seed0,135.0,47.374,-87.626,87.626,5,91.5081,53.9861,64.5703,35.1432,1.3275,1.536,184.5906,11.9544,68.0099,54.3038,831.2,1000.8689,781.4832,937.037,1.548,1.0767,810.6,605.6753,295.5415,336.1097,162.2,116.5925,142.333,92.6793,1.5089,1.559,205,20.59,67.3362,75.8029,5511.0858,3106.6883,988.2824,77.5308,1.1394,1.136,13532.571,1651.3941,5026.1919,4268.4149,56.644,97.0077,17.2613,50.969,0.9546,0.6649,141.0,72.3402,61.4743,59.9435,6.4304,4.7023,3.401,1.3225,1.2866,1.1987,12.878,2.3026,4.6278,5.1683,125.2653,101.0768,12.6008,1.4881,0.8106,0.6854,399.9734,73.7419,156.1639,155.7136,2.0,2.0,2.0,2.0,1.6094,1.3425,0,0.8937,0.0,0.0
ood__label_noise_0.4__seed0,134.2,46.583,-87.617,87.617,5,91.5081,52.3425,64.5703,34.7558,1.3275,1.5294,184.5906,12.457,68.0099,51.5316,831.2,992.9814,781.4832,928.0251,1.548,1.0661,810.6,616.3611,295.5415,339.5105,162.2,117.3373,142.333,93.1997,1.5089,1.5336,205,24.4715,67.3362,76.2815,5511.0858,3001.359,988.2824,78.243,1.1394,1.1118,13532.571,1723.6349,5026.1919,4102.3165,56.644,97.5747,17.2613,52.8919,0.9546,0.6766,141.0,71.8858,61.4743,59.4315,6.4304,4.8582,3.401,1.3698,1.2866,1.175,12.878,2.4148,4.6278,5.2185,125.2653,105.3033,12.6008,1.5975,0.8106,0.6783,399.9734,76.9668,156.1639,157.7078,2.0,2.0,2.0,2.0,1.6094,1.3311,0,0.9171,0.0,0.0
ood__label_noise_0.4__seed0,135.0,47.416,-87.584,87.584,5,91.5081,53.9394,64.5703,35.1093,1.3275,1.5361,184.5906,11.9397,68.0099,54.2868,831.2,1001.2522,781.4832,937.4252,1.548,1.0756,810.6,606.5438,295.5415,336.0812,162.2,116.5083,142.333,92.6045,1.5089,1.559,205,20.5648,67.3362,75.7944,5511.0858,3102.8758,988.2824,77.1516,1.1394,1.136,13532.571,1649.3649,5026.1919,4267.1795,56.644,97.0635,17.2613,51.0334,0.9546,0.6642,141.0,72.4263,61.4743,59.9278,6.4304,4.6968,3.401,1.3196,1.2866,1.1989,12.878,2.2995,4.6278,5.1675,125.2653,100.9528,12.6008,1.4808,0.8106,0.6854,399.9734,73.6513,156.1639,155.6582,2.0,2.0,2.0,2.0,1.6094,1.3417,0,0.895,0.0,0.0
ood__label_noise_0.4__seed0,134.0,46.468,-87.532,87.532,5,91.5081,54.6271,64.5703,35.613,1.3275,1.5341,184.5906,12.1561,68.0099,54.5335,831.2,995.6,781.4832,931.7166,1.548,1.0916,810.6,593.7375,295.5415,336.4568,162.2,117.75,142.333,93.714,1.5089,1.5589,205,20.9375,67.3362,75.9099,5511.0858,3159.0895,988.2824,82.936,1.1394,1.1359,13532.571,1679.2855,5026.1919,4285.0148,56.644,96.24,17.2613,50.0924,0.9546,0.6741,141.0,71.1562,61.4743,60.1526,6.4304,4.7779,3.401,1.3629,1.2866,1.1967,12.878,2.3452,4.6278,5.1786,125.2653,102.782,12.6008,1.5927,0.8106,0.6853,399.9734,74.9867,156.1639,156.463,2.0,2.0,2.0,2.0,1.6094,1.3536,0,0.875,0.0,0.0
ood__label_noise_0.4__seed0,134.0,46.488,-87.512,87.512,6,110.3206,54.7456,78.2411,35.6338,1.5357,1.6942,188.3839,12.1561,74.9934,54.8539,790.8167,982.5656,745.4868,916.2552,1.7309,1.1014,810.6,638.1469,284.502,343.8006,161.1667,117.2812,144.5247,93.4456,1.7073,1.6158,205,26.75,61.5126,75.6254,6567.5715,3106.4645,1495.1586,82.5923,1.4082,1.3089,13532.571,1679.2855,5160.7152,4165.9625,50.6533,96.84,17.7919,54.3742,1.1383,0.7065,141.0,71.2031,57.6948,59.2943,6.0587,4.8376,3.5227,1.389,1.4959,1.2503,12.878,2.3847,4.3056,5.1605,112.0544,103.9602,15.636,1.6803,1.0047,0.7365,399.9734,74.9867,145.586,155.888,2.1667,2.0312,2.1398,2.0255,1.7782,1.4255,1,0.9375,0.3727,0.174
ood__label_noise_0.4__seed0,137.4,49.892,-87.508,87.508,6,110.3206,52.5334,78.2411,34.0055,1.5357,1.6531,188.3839,13.7962,74.9934,54.177,790.8167,994.6482,745.4868,927.0551,1.7309,1.0238,810.6,683.3353,284.502,346.7733,161.1667,112.9412,144.5247,89.7091,1.7073,1.596,205,27.7529,61.5126,74.9788,6567.5715,2894.0977,1495.1586,64.9052,1.4082,1.2613,13532.571,1580.4199,5160.7152,4035.6735,50.6533,99.8647,17.7919,60.2728,1.1383,0.6848,141.0,75.4235,57.6948,58.0033,6.0587,4.5998,3.5227,1.2604,1.4959,1.2618,12.878,2.2848,4.3056,5.1141,112.0544,98.5117,15.636,1.357,1.0047,0.7554,399.9734,70.5742,145.586,152.8892,2.1667,2.0471,2.1398,2.0385,1.7782,1.3771,1,1.0353,0.3727,0.2118
ood__label_noise_0.4__seed0,133.9,46.468,-87.432,87.432,5,91.5081,54.6271,64.5703,35.613,1.3275,1.5341,184.5906,12.1561,68.0099,54.5335,831.2,995.6,781.4832,931.7166,1.548,1.0916,810.6,593.7375,295.5415,336.4568,162.2,117.75,142.333,93.714,1.5089,1.5589,205,20.9375,67.3362,75.9099,5511.0858,3159.0895,988.2824,82.936,1.1394,1.1359,13532.571,1679.2855,5026.1919,4285.0148,56.644,96.24,17.2613,50.0924,0.9546,0.6741,141.0,71.1562,61.4743,60.1526,6.4304,4.7779,3.401,1.3629,1.2866,1.1967,12.878,2.3452,4.6278,5.1786,125.2653,102.782,12.6008,1.5927,0.8106,0.6853,399.9734,74.9867,156.1639,156.463,2.0,2.0,2.0,2.0,1.6094,1.3536,0,0.875,0.0,0.0
ood__missing_frac_0.5__seed0,185.0,9.17,-175.83,175.83,2,16.5365,11.3603,5.685,3.1937,0.1364,0.2246,31.0571,10.0164,15.5285,14.6404,1155.15,1207.2,1144.5474,1197.6315,0.684,0.589,312.3,541.2,156.15,147.2196,70.0,64.3333,67.9043,62.5207,0.6634,0.6883,34,6.3333,17.0,16.0278,980.045,653.3933,13.2742,2.5115,0.0005,0.0009,1959.9101,653.2734,979.955,923.9105,137.9,116.7,122.3579,103.6138,0.5827,0.6817,127.2,17.6333,63.6,59.9627,1.144,0.9487,0.9825,0.8137,0.5555,0.6697,1.172,0.2047,0.586,0.5525,0.1928,0.1887,0.1924,0.1883,0.6911,0.6547,0.0245,0.052,0.0122,0.0115,3.5,2.6667,2.4495,1.8171,0.4101,0.5623,5,1.3333,2.5,2.357
ood__missing_frac_0.5__seed0,120.0,9.444,-110.556,110.556,3,66.9491,46.5692,14.3657,14.9981,0.3091,0.5357,182.8321,36.5664,82.8806,68.8805,1131.3667,1204.06,1098.4335,1179.7321,1.0713,0.8725,543.4,633.92,255.738,217.1811,98.0,78.0,78.8905,64.6713,0.8811,0.9872,145,28.0,67.2062,57.5326,6417.173,3850.8754,13.523,5.5037,0.0008,0.0022,19249.9101,3849.982,9074.179,7699.5623,98.9667,116.38,94.6554,111.4842,1.0524,0.7623,68.2,70.64,30.8736,32.0429,11.9267,7.2448,1.6306,0.7344,0.118,0.171,34.778,6.8884,16.3159,13.8782,56.7357,34.052,0.9343,0.225,0.0098,0.0124,169.9734,33.9841,80.09,67.974,3.0,2.6,2.2894,2.1689,0.8487,0.911,5,1.0,2.1602,1.7436
ood__missing_frac_0.5__seed0,132.0,23.169,-108.831,108.831,3,43.8472,36.8852,37.5308,30.3261,0.9746,1.0618,47.5466,7.8868,20.248,21.2813,903.5,1005.9,860.9726,956.7896,1.0489,0.8857,660.7,493.45,292.0877,308.9396,119.6667,101.75,104.9315,86.2958,0.9919,1.0742,118,17.5,51.3961,54.2604,5383.8097,4038.2145,451.5332,107.0965,0.688,0.6887,8958.571,2239.2855,3873.9077,4085.003,109.4,117.675,103.9808,112.5042,1.0523,0.9272,76.7,54.8,32.1808,31.339,11.274,8.511,3.9065,1.9074,0.7038,0.7295,20.278,5.014,8.3785,8.6921,164.6755,123.5133,9.998,2.2703,0.4872,0.4877,399.9734,99.9867,170.7649,164.1751,3.3333,3.0,2.8845,2.6321,0.9503,1.0114,4,1.0,1.8856,1.7321
ood__missing_frac_0.5__seed0,136.0,38.119,-97.881,97.881,7,106.4548,90.9793,78.7745,69.2632,1.7097,1.5773,192.981,35.4058,71.3936,66.3889,778.2714,722.4121,749.2923,696.654,1.9048,1.7591,764.1,154.5791,235.455,221.7117,148.0,161.2857,136.1249,149.7713,1.88,1.6103,171,46.6703,49.9314,50.0578,5851.2041,5179.6845,1686.2534,1821.1742,1.6267,1.4435,11338.571,1969.0737,4123.7757,3978.2039,72.4,63.3549,39.6247,27.4547,1.6174,1.3693,138.63,25.5011,52.0199,55.4985,9.3189,8.8813,5.7328,6.3588,1.7171,1.5404,19.478,2.8547,5.7366,3.885,100.2895,142.7722,17.4874,30.5953,1.144,0.9248,399.9734,87.9092,137.6767,154.6377,3.1429,2.6484,2.869,2.4468,1.8554,1.7273,3,0.8242,1.3553,1.1987
ood__missing_frac_0.5__seed0,130.0,33.604,-96.396,96.396,6,103.904,85.7116,73.2599,67.838,1.5115,1.5263,192.981,28.9427,76.818,61.21,769.1,725.5109,736.1386,704.0574,1.7438,1.6156,764.1,244.9018,253.1602,201.5858,150.5,158.5818,136.6528,149.0531,1.7171,1.5308,171,48.3636,53.5249,45.8978,5710.2382,5853.2208,1339.9747,2404.4768,1.4121,1.2077,11338.571,3258.0519,4438.5449,3900.8012,67.0167,73.26,33.7005,35.4595,1.3965,1.111,138.63,42.8964,54.3527,54.9159,7.5887,9.55,4.6668,7.1777,1.5824,1.3128,12.878,4.7435,4.1759,3.7698,113.0044,190.6206,16.5887,48.9324,1.0302,0.7006,399.9734,145.4521,144.8528,171.4495,2.8333,2.5091,2.6153,2.3435,1.7075,1.633,3,0.5818,1.2134,1.0933
ood__missing_frac_0.5__seed0,143.0,47.25,-95.75,95.75,6,110.7901,54.751,78.4198,35.6346,1.5341,1.6765,191.2006,13.2809,75.5872,54.8716,811.8667,990.1475,770.0241,925.7754,1.7379,1.1136,810.6,643.14,273.2329,338.5936,160.8333,117.4312,144.2142,93.5302,1.7071,1.6088,205,28.7375,61.5452,75.7211,6482.5715,3117.952,1484.2363,82.6614,1.4107,1.2823,13532.571,1679.2855,5076.5237,4194.7967,53.3033,96.8981,19.5648,53.1845,1.201,0.7095,141.0,71.1844,56.6131,59.2984,6.1537,4.8244,3.5982,1.3818,1.5052,1.2448,12.878,2.3668,4.2697,5.1671,110.2211,103.2827,14.9398,1.6363,0.9748,0.7123,399.9734,74.9867,146.4728,156.2024,2.3333,2.0375,2.2449,2.0262,1.7479,1.4324,2,0.925,0.7454,0.2713
ood__missing_frac_0.5__seed0,126.8,31.279,-95.521,95.521,7,100.6163,50.0967,77.5169,34.3244,1.7501,1.8323,184.5906,10.7238,59.8333,46.2114,775.3714,977.6585,734.3921,911.208,1.8895,1.1395,810.6,641.46,269.7101,345.3064,167.2857,117.59,152.0571,93.8139,1.8741,1.731,205,26.535,58.0313,74.7889,6313.0613,2855.5345,1798.1452,79.1351,1.6207,1.4744,13532.571,1432.8855,4582.6314,3841.1681,65.6886,99.3985,26.6872,57.901,1.4818,0.8755,141.0,71.2275,57.7407,57.7175,7.1074,4.9948,4.4091,1.437,1.7119,1.4807,12.878,2.0617,4.2696,5.1428,152.7609,113.5928,20.9577,1.8088,1.2081,1.057,429.9734,63.9867,178.1294,161.654,2.0,1.995,1.9195,1.9731,1.9085,1.4517,2,0.97,0.5345,0.2738
ood__missing_frac_0.5__seed0,129.0,33.535,-95.465,95.465,5,92.2667,97.0214,64.8127,74.3975,1.3233,1.3148,188.3839,39.2767,69.2327,65.3557,747.78,690.97,702.1152,663.4286,1.541,1.5643,810.6,123.0,293.2861,225.4584,159.2,168.9,139.7434,156.0788,1.5073,1.4615,205,45.8,67.2113,56.6294,5174.2858,6070.1429,962.3642,2307.1034,1.1651,1.1296,11848.571,2687.8571,4506.8955,4273.9754,60.484,58.224,29.1775,28.678,1.1126,1.0433,138.63,35.196,58.4343,55.5862,6.8124,8.1002,3.8396,5.7727,1.3455,1.2507,12.878,3.9078,4.3402,4.0974,132.8053,172.8027,17.7474,46.4393,0.9499,0.8289,399.9734,119.9973,151.1646,163.1786,2.2,2.2,2.1689,2.1689,1.5942,1.5466,1,0.4,0.4,0.4
ood__missing_frac_0.5__seed0,132.0,36.569,-95.431,95.431,5,91.5081,84.6708,64.5703,66.3574,1.3275,1.3838,184.5906,28.7394,68.0099,56.7785,831.2,748.6556,781.4832,713.4838,1.548,1.5575,810.6,136.6667,295.5415,248.7242,162.2,172.0,142.333,157.6879,1.5089,1.4201,205,50.8889,67.3362,59.3052,5511.0858,5615.0477,988.2824,1952.1707,1.1394,1.1343,13532.571,2986.5079,5026.1919,4342.3025,56.644,60.26,17.2613,22.214,0.9546,0.8637,141.0,39.8,61.4743,58.9373,6.4304,8.3213,3.401,5.5906,1.2866,1.1291,12.878,4.342,4.6278,4.3562,125.2653,182.703,12.6008,38.4338,0.8106,0.6843,399.9734,133.3304,156.1639,170.0632,2.0,2.0,2.0,2.0,1.6094,1.523,0,0.4444,0.0,0.0
ood__missing_frac_0.5__seed0,136.0,40.82,-95.18,95.18,7,106.4548,91.0185,78.7745,69.2762,1.7097,1.4888,192.981,39.9988,71.3936,66.4578,778.2714,722.1418,749.2923,696.3885,1.9048,1.7213,764.1,154.5791,235.455,221.7278,148.0,161.044,136.1249,149.5276,1.88,1.5747,171,46.6703,49.9314,50.119,5851.2041,5145.3988,1686.2534,1815.2601,1.6267,1.3684,11338.571,1969.0737,4123.7757,3931.4113,72.4,64.5879,39.6247,28.0212,1.6174,1.3348,138.63,25.5473,52.0199,55.5136,9.3189,9.016,5.7328,6.4754,1.7171,1.5095,19.478,2.8547,5.7366,3.8462,100.2895,142.1787,17.4874,29.6188,1.144,0.9082,399.9734,87.9092,137.6767,155.1012,3.1429,2.6703,2.869,2.4589,1.8554,1.6567,3,0.9341,1.3553,1.2319
ood__missing_frac_0.5__seed0,135.4,40.241,-95.159,95.159,5,91.5081,52.2818,64.5703,34.7108,1.3275,1.5296,184.5906,12.4362,68.0099,51.5099,831.2,993.5153,781.4832,928.5625,1.548,1.0647,810.6,617.5233,295.5415,339.4786,162.2,117.2216,142.333,93.0966,1.5089,1.5337,205,24.4307,67.3362,76.2704,5511.0858,2996.3551,988.2824,77.7224,1.1394,1.1118,13532.571,1720.7574,5026.1919,4100.7214,56.644,97.6496,17.2613,52.9794,0.9546,0.6757,141.0,72.0036,61.4743,59.4102,6.4304,4.8504,3.401,1.3656,1.2866,1.1752,12.878,2.4108,4.6278,5.2176,125.2653,105.1277,12.6008,1.5866,0.8106,0.6783,399.9734,76.8384,156.1639,157.6348,2.0,2.0,2.0,2.0,1.6094,1.33,0,0.9189,0.0,0.0
ood__missing_frac_0.5__seed0,130.9,35.985,-94.915,94.915,6,109.0845,84.5903,77.7605,66.3305,1.5396,1.5141,184.5906,28.7394,73.4786,56.6164,840.8833,746.0622,798.4991,711.5315,1.7408,1.6255,810.6,228.5711,270.6588,246.627,164.1667,172.0667,147.1791,157.7489,1.7086,1.4763,205,52.3556,61.6263,59.3058,7809.2382,5743.181,1621.7868,1967.6277,1.3476,1.3014,19298.571,2986.5079,6889.0995,4648.371,84.5867,65.2111,26.4667,24.8287,1.2191,1.065,222.8,39.8333,83.9834,63.0107,7.442,8.5482,4.2249,5.8054,1.5193,1.2211,12.878,4.342,4.7921,4.3017,157.7211,189.6296,21.6035,41.683,1.1763,0.814,399.9734,133.3304,159.9673,169.1641,2.5,2.0667,2.33,2.0411,1.7095,1.634,3,0.5556,1.118,0.4422
ood__missing_frac_0.5__seed0,135.0,40.374,-94.626,94.626,5,91.5081,54.6271,64.5703,35.613,1.3275,1.5341,184.5906,12.1561,68.0099,54.5335,831.2,995.6,781.4832,931.7166,1.548,1.0916,810.6,593.7375,295.5415,336.4568,162.2,117.75,142.333,93.714,1.5089,1.5589,205,20.9375,67.3362,75.9099,5511.0858,3159.0895,988.2824,82.936,1.1394,1.1359,13532.571,1679.2855,5026.1919,4285.0148,56.644,96.24,17.2613,50.0924,0.9546,0.6741,141.0,71.1562,61.4743,60.1526,6.4304,4.7779,3.401,1.3629,1.2866,1.1967,12.878,2.3452,4.6278,5.1786,125.2653,102.782,12.6008,1.5927,0.8106,0.6853,399.9734,74.9867,156.1639,156.463,2.0,2.0,2.0,2.0,1.6094,1.3536,0,0.875,0.0,0.0
ood__missing_frac_0.5__seed0,132.6,38.025,-94.575,94.575,6,107.2912,54.4653,77.0359,35.5832,1.545,1.6376,184.5906,15.071,71.4142,54.12,819.1833,992.8224,777.7074,928.7696,1.7393,1.1116,810.6,648.0101,271.1261,337.3774,166.5,117.9412,149.0897,93.814,1.7085,1.6057,205,29.51,62.2167,76.0651,8095.9048,3243.307,1645.0268,83.3478,1.3304,1.3023,21018.571,1679.2855,7379.6083,4553.2636,49.87,96.4031,17.0444,51.4443,1.1121,0.6853,141.0,71.1731,58.1264,59.9147,10.8587,5.1234,4.9669,1.4045,1.328,1.3579,32.778,2.3452,10.7655,5.9657,112.3878,103.2287,15.7473,1.6245,1.0096,0.7102,399.9734,74.9867,145.4366,156.2491,2.8333,2.0562,2.4644,2.0284,1.6242,1.4477,5,0.9212,1.8634,0.5273
ood__missing_frac_0.5__seed0,116.0,21.591,-94.409,94.409,8,108.0027,79.7617,82.9418,64.1084,1.8759,1.907,191.2006,18.2868,66.5765,54.1597,716.7,717.1055,685.8162,691.3099,2.0305,1.8041,810.6,212.9843,240.6319,220.2624,166.75,164.0681,152.7612,152.5936,2.0119,1.7796,205,40.5236,56.7533,50.5903,6291.4286,5562.6889,2002.1896,2019.3508,1.7578,1.529,11848.571,2814.5101,4532.145,4154.5513,59.0812,63.9116,29.9208,28.1497,1.6081,1.2227,138.63,37.0178,55.8752,57.9741,7.2665,8.6157,4.949,6.1548,1.8981,1.4873,12.878,4.0919,3.8448,4.0176,145.5033,197.0473,31.3264,56.1018,1.4407,1.0693,429.9734,125.6517,165.9896,167.259,2.25,2.1387,2.104,2.0756,2.0141,1.8557,3,0.5864,0.8292,0.5689
ood__missing_frac_0.5__seed0,115.0,21.4,-93.6,93.6,3,30.9742,14.975,9.8899,12.6182,0.4433,0.5661,78.8961,11.2561,34.8889,14.3465,1179.6667,1091.7692,1175.8701,1091.4017,1.0954,0.2845,225.6,998.7138,95.8747,29.8741,71.3333,68.0308,69.3681,67.8103,1.0706,0.3014,41,62.0615,17.0163,5.9665,1793.3633,2264.9245,85.9029,1962.7927,0.6805,0.2367,3119.9101,2120.9217,1315.7437,335.6834,185.2667,162.0308,155.5716,158.9929,0.9382,0.3505,251.8,144.6938,104.9439,37.4443,37.1193,98.8147,6.9783,84.7512,0.2359,0.0196,104.442,98.5299,48.0466,24.1608,46.7668,131.3929,1.4474,91.2264,0.0167,0.0007,139.88,131.3818,65.9258,33.6117,3.3333,4.0,2.7144,3.9561,0.9433,0.2456,4,3.7385,1.6997,0.4297
ood__missing_frac_0.5__seed0,133.0,39.512,-93.488,93.488,5,91.5081,84.6708,64.5703,66.3574,1.3275,1.3838,184.5906,28.7394,68.0099,56.7785,831.2,748.6556,781.4832,713.4838,1.548,1.5575,810.6,136.6667,295.5415,248.7242,162.2,172.0,142.333,157.6879,1.5089,1.4201,205,50.8889,67.3362,59.3052,5511.0858,5615.0477,988.2824,1952.1707,1.1394,1.1343,13532.571,2986.5079,5026.1919,4342.3025,56.644,60.26,17.2613,22.214,0.9546,0.8637,141.0,39.8,61.4743,58.9373,6.4304,8.3213,3.401,5.5906,1.2866,1.1291,12.878,4.342,4.6278,4.3562,125.2653,182.703,12.6008,38.4338,0.8106,0.6843,399.9734,133.3304,156.1639,170.0632,2.0,2.0,2.0,2.0,1.6094,1.523,0,0.4444,0.0,0.0
ood__missing_frac_0.5__seed0,132.25,39.35,-92.9,92.9,7,106.4548,90.9793,78.7745,69.2632,1.7097,1.5773,192.981,35.4058,71.3936,66.3889,778.2714,722.4121,749.2923,696.654,1.9048,1.7591,764.1,154.5791,235.455,221.7117,148.0,161.2857,136.1249,149.7713,1.88,1.6103,171,46.6703,49.9314,50.0578,5851.2041,5179.6845,1686.2534,1821.1742,1.6267,1.4435,11338.571,1969.0737,4123.7757,3978.2039,72.4,63.3549,39.6247,27.4547,1.6174,1.3693,138.63,25.5011,52.0199,55.4985,9.3189,8.8813,5.7328,6.3588,1.7171,1.5404,19.478,2.8547,5.7366,3.885,100.2895,142.7722,17.4874,30.5953,1.144,0.9248,399.9734,87.9092,137.6767,154.6377,3.1429,2.6484,2.869,2.4468,1.8554,1.7273,3,0.8242,1.3553,1.1987
ood__missing_frac_0.5__seed0,132.0,39.204,-92.796,92.796,5,91.5081,54.0328,64.5703,35.1772,1.3275,1.5358,184.5906,11.9691,68.0099,54.3209,831.2,1000.4846,781.4832,936.6479,1.548,1.0778,810.6,604.8046,295.5415,336.1378,162.2,116.6769,142.333,92.7544,1.5089,1.559,205,20.6154,67.3362,75.8113,5511.0858,3110.5101,988.2824,77.9128,1.1394,1.136,13532.571,1653.4284,5026.1919,4269.6495,56.644,96.9517,17.2613,50.9046,0.9546,0.6655,141.0,72.2538,61.4743,59.9591,6.4304,4.7078,3.401,1.3254,1.2866,1.1986,12.878,2.3058,4.6278,5.1691,125.2653,101.2012,12.6008,1.4955,0.8106,0.6854,399.9734,73.8327,156.1639,155.769,2.0,2.0,2.0,2.0,1.6094,1.3433,0,0.8923,0.0,0.0
ood__missing_frac_0.5__seed0,143.0,52.25,-90.75,90.75,6,110.7901,53.7791,78.4198,34.8142,1.5341,1.6854,191.2006,12.5434,75.5872,54.7646,811.8667,999.3661,770.0241,934.7416,1.7379,1.086,810.6,662.5843,273.2329,338.7775,160.8333,115.4201,144.2142,91.6565,1.7071,1.6118,205,27.8649,61.5452,75.7221,6482.5715,3002.0297,1484.2363,72.4021,1.4107,1.3014,13532.571,1595.3315,5076.5237,4147.9816,53.3033,98.0778,19.5648,54.8202,1.201,0.6923,141.0,73.465,56.6131,58.9765,6.1537,4.662,3.5982,1.3024,1.5052,1.2604,12.878,2.2407,4.2697,5.1265,110.2211,98.8699,14.9398,1.4263,0.9748,0.7229,399.9734,71.2394,146.4728,153.8149,2.3333,2.0418,2.2449,2.0292,1.7479,1.4167,2,0.9509,0.7454,0.286
ood__missing_frac_0.5__seed0,137.4,46.707,-90.693,90.693,6,110.3206,52.5334,78.2411,34.0055,1.5357,1.6531,188.3839,13.7962,74.9934,54.177,790.8167,994.6482,745.4868,927.0551,1.7309,1.0238,810.6,683.3353,284.502,346.7733,161.1667,112.9412,144.5247,89.7091,1.7073,1.596,205,27.7529,61.5126,74.9788,6567.5715,2894.0977,1495.1586,64.9052,1.4082,1.2613,13532.571,1580.4199,5160.7152,4035.6735,50.6533,99.8647,17.7919,60.2728,1.1383,0.6848,141.0,75.4235,57.6948,58.0033,6.0587,4.5998,3.5227,1.2604,1.4959,1.2618,12.878,2.2848,4.3056,5.1141,112.0544,98.5117,15.636,1.357,1.0047,0.7554,399.9734,70.5742,145.586,152.8892,2.1667,2.0471,2.1398,2.0385,1.7782,1.3771,1,1.0353,0.3727,0.2118
ood__missing_frac_0.5__seed0,133.9,43.569,-90.331,90.331,5,91.5081,54.6271,64.5703,35.613,1.3275,1.5341,184.5906,12.1561,68.0099,54.5335,831.2,995.6,781.4832,931.7166,1.548,1.0916,810.6,593.7375,295.5415,336.4568,162.2,117.75,142.333,93.714,1.5089,1.5589,205,20.9375,67.3362,75.9099,5511.0858,3159.0895,988.2824,82.936,1.1394,1.1359,13532.571,1679.2855,5026.1919,4285.0148,56.644,96.24,17.2613,50.0924,0.9546,0.6741,141.0,71.1562,61.4743,60.1526,6.4304,4.7779,3.401,1.3629,1.2866,1.1967,12.878,2.3452,4.6278,5.1786,125.2653,102.782,12.6008,1.5927,0.8106,0.6853,399.9734,74.9867,156.1639,156.463,2.0,2.0,2.0,2.0,1.6094,1.3536,0,0.875,0.0,0.0
ood__missing_frac_0.5__seed0,135.8,45.502,-90.298,90.298,5,91.5081,52.2348,64.5703,34.676,1.3275,1.5297,184.5906,12.4201,68.0099,51.4931,831.2,993.9294,781.4832,928.9795,1.548,1.0635,810.6,618.4245,295.5415,339.4534,162.2,117.1319,142.333,93.0167,1.5089,1.5337,205,24.3991,67.3362,76.2616,5511.0858,2992.4747,988.2824,77.321,1.1394,1.1118,13532.571,1718.5261,5026.1919,4099.4798,56.644,97.7077,17.2613,53.0474,0.9546,0.675,141.0,72.095,61.4743,59.3937,6.4304,4.8444,3.401,1.3624,1.2866,1.1753,12.878,2.4077,4.6278,5.2169,125.2653,104.9916,12.6008,1.5782,0.8106,0.6783,399.9734,76.7388,156.1639,157.578,2.0,2.0,2.0,2.0,1.6094,1.3292,0,0.9203,0.0,0.0
ood__missing_frac_0.5__seed0,125.0,34.712,-90.288,90.288,5,91.5081,94.0591,64.5703,71.756,1.3275,1.305,184.5906,36.9507,68.0099,60.9009,831.2,771.9286,781.4832,728.7118,1.548,1.5665,810.6,128.6571,295.5415,274.5402,162.2,172.7143,142.333,154.9334,1.5089,1.4053,205,65.4286,67.3362,65.9409,5511.0858,5717.9184,988.2824,1622.8883,1.1394,1.158,13532.571,2559.7959,5026.1919,4502.5853,56.644,59.7957,17.2613,22.4101,0.9546,0.9418,141.0,34.0429,61.4743,59.19,6.4304,7.6074,3.401,4.6595,1.2866,1.1619,12.878,3.7111,4.6278,4.5408,125.2653,149.1895,12.6008,21.7294,0.8106,0.6755,399.9734,114.2819,156.1639,171.0949,2.0,2.0,2.0,2.0,1.6094,1.5498,0,0.2857,0.0,0.0
ood__missing_frac_0.5__seed0,118.0,27.717,-90.283,90.283,6,110.3206,96.7938,78.2411,74.3139,1.5357,1.571,188.3839,27.0137,74.9934,64.987,790.8167,715.996,745.4868,685.09,1.7309,1.7045,810.6,163.14,284.502,235.6581,161.1667,169.8,144.5247,156.9409,1.7073,1.5811,205,45.8,61.5126,56.5364,6567.5715,6171.1829,1495.1586,2325.5706,1.4082,1.3798,13532.571,2687.8571,5160.7152,4426.6015,50.6533,57.072,17.7919,24.4995,1.1383,1.0151,141.0,35.88,57.6948,56.5427,6.0587,7.9856,3.5227,5.5664,1.4959,1.2793,12.878,3.9078,4.3056,4.2295,112.0544,170.5407,15.636,41.9049,1.0047,0.8098,399.9734,119.9973,145.586,165.1698,2.1667,2.14,2.1398,2.1168,1.7782,1.6861,1,0.48,0.3727,0.347
ood__train_fraction_0.02__seed0,185.0,16.645,-168.355,168.355,2,16.5365,11.3603,5.685,3.1937,0.1364,0.2246,31.0571,10.0164,15.5285,14.6404,1155.15,1207.2,1144.5474,1197.6315,0.684,0.589,312.3,541.2,156.15,147.2196,70.0,64.3333,67.9043,62.5207,0.6634,0.6883,34,6.3333,17.0,16.0278,980.045,653.3933,13.2742,2.5115,0.0005,0.0009,1959.9101,653.2734,979.955,923.9105,137.9,116.7,122.3579,103.6138,0.5827,0.6817,127.2,17.6333,63.6,59.9627,1.144,0.9487,0.9825,0.8137,0.5555,0.6697,1.172,0.2047,0.586,0.5525,0.1928,0.1887,0.1924,0.1883,0.6911,0.6547,0.0245,0.052,0.0122,0.0115,3.5,2.6667,2.4495,1.8171,0.4101,0.5623,5,1.3333,2.5,2.357
ood__train_fraction_0.02__seed0,132.0,17.197,-114.803,114.803,3,43.8472,36.8852,37.5308,30.3261,0.9746,1.0618,47.5466,7.8868,20.248,21.2813,903.5,1005.9,860.9726,956.7896,1.0489,0.8857,660.7,493.45,292.0877,308.9396,119.6667,101.75,104.9315,86.2958,0.9919,1.0742,118,17.5,51.3961,54.2604,5383.8097,4038.2145,451.5332,107.0965,0.688,0.6887,8958.571,2239.2855,3873.9077,4085.003,109.4,117.675,103.9808,112.5042,1.0523,0.9272,76.7,54.8,32.1808,31.339,11.274,8.511,3.9065,1.9074,0.7038,0.7295,20.278,5.014,8.3785,8.6921,164.6755,123.5133,9.998,2.2703,0.4872,0.4877,399.9734,99.9867,170.7649,164.1751,3.3333,3.0,2.8845,2.6321,0.9503,1.0114,4,1.0,1.8856,1.7321
ood__train_fraction_0.02__seed0,120.0,12.591,-107.409,107.409,3,66.9491,46.5692,14.3657,14.9981,0.3091,0.5357,182.8321,36.5664,82.8806,68.8805,1131.3667,1204.06,1098.4335,1179.7321,1.0713,0.8725,543.4,633.92,255.738,217.1811,98.0,78.0,78.8905,64.6713,0.8811,0.9872,145,28.0,67.2062,57.5326,6417.173,3850.8754,13.523,5.5037,0.0008,0.0022,19249.9101,3849.982,9074.179,7699.5623,98.9667,116.38,94.6554,111.4842,1.0524,0.7623,68.2,70.64,30.8736,32.0429,11.9267,7.2448,1.6306,0.7344,0.118,0.171,34.778,6.8884,16.3159,13.8782,56.7357,34.052,0.9343,0.225,0.0098,0.0124,169.9734,33.9841,80.09,67.974,3.0,2.6,2.2894,2.1689,0.8487,0.911,5,1.0,2.1602,1.7436
ood__train_fraction_0.02__seed0,115.0,12.973,-102.027,102.027,3,30.9742,14.975,9.8899,12.6182,0.4433,0.5661,78.8961,11.2561,34.8889,14.3465,1179.6667,1091.7692,1175.8701,1091.4017,1.0954,0.2845,225.6,998.7138,95.8747,29.8741,71.3333,68.0308,69.3681,67.8103,1.0706,0.3014,41,62.0615,17.0163,5.9665,1793.3633,2264.9245,85.9029,1962.7927,0.6805,0.2367,3119.9101,2120.9217,1315.7437,335.6834,185.2667,162.0308,155.5716,158.9929,0.9382,0.3505,251.8,144.6938,104.9439,37.4443,37.1193,98.8147,6.9783,84.7512,0.2359,0.0196,104.442,98.5299,48.0466,24.1608,46.7668,131.3929,1.4474,91.2264,0.0167,0.0007,139.88,131.3818,65.9258,33.6117,3.3333,4.0,2.7144,3.9561,0.9433,0.2456,4,3.7385,1.6997,0.4297
ood__train_fraction_0.02__seed0,117.5,17.278,-100.222,100.222,4,46.8466,36.9333,41.4512,30.3532,1.2933,1.1355,47.5466,15.1884,18.2887,21.3197,867.4,1007.2338,834.2895,958.603,1.3448,0.923,660.7,647.0612,260.5687,307.6382,128.75,101.625,115.8672,86.2288,1.3047,1.1517,118,37.475,47.209,54.1236,6006.3572,4046.7645,922.7119,107.2182,1.0951,0.7834,8958.571,2239.2855,3523.9278,4092.3001,86.35,117.0675,66.3128,110.6331,1.1978,0.9314,125.3,71.035,48.6889,32.7768,11.9055,8.4273,5.3557,1.8979,1.1018,0.8209,20.278,4.7578,7.338,8.608,143.2566,123.3258,16.7626,2.2653,0.8211,0.519,399.9734,99.9867,152.469,164.2173,3.25,2.9625,2.913,2.6094,1.2712,1.0742,4,1.3875,1.6394,1.6989
ood__train_fraction_0.02__seed0,136.0,36.291,-99.709,99.709,7,106.4548,91.0185,78.7745,69.2762,1.7097,1.4888,192.981,39.9988,71.3936,66.4578,778.2714,722.1418,749.2923,696.3885,1.9048,1.7213,764.1,154.5791,235.455,221.7278,148.0,161.044,136.1249,149.5276,1.88,1.5747,171,46.6703,49.9314,50.119,5851.2041,5145.3988,1686.2534,1815.2601,1.6267,1.3684,11338.571,1969.0737,4123.7757,3931.4113,72.4,64.5879,39.6247,28.0212,1.6174,1.3348,138.63,25.5473,52.0199,55.5136,9.3189,9.016,5.7328,6.4754,1.7171,1.5095,19.478,2.8547,5.7366,3.8462,100.2895,142.1787,17.4874,29.6188,1.144,0.9082,399.9734,87.9092,137.6767,155.1012,3.1429,2.6703,2.869,2.4589,1.8554,1.6567,3,0.9341,1.3553,1.2319
ood__train_fraction_0.02__seed0,143.0,44.658,-98.342,98.342,6,110.7901,54.751,78.4198,35.6346,1.5341,1.6765,191.2006,13.2809,75.5872,54.8716,811.8667,990.1475,770.0241,925.7754,1.7379,1.1136,810.6,643.14,273.2329,338.5936,160.8333,117.4312,144.2142,93.5302,1.7071,1.6088,205,28.7375,61.5452,75.7211,6482.5715,3117.952,1484.2363,82.6614,1.4107,1.2823,13532.571,1679.2855,5076.5237,4194.7967,53.3033,96.8981,19.5648,53.1845,1.201,0.7095,141.0,71.1844,56.6131,59.2984,6.1537,4.8244,3.5982,1.3818,1.5052,1.2448,12.878,2.3668,4.2697,5.1671,110.2211,103.2827,14.9398,1.6363,0.9748,0.7123,399.9734,74.9867,146.4728,156.2024,2.3333,2.0375,2.2449,2.0262,1.7479,1.4324,2,0.925,0.7454,0.2713
ood__train_fraction_0.02__seed0,136.0,38.423,-97.577,97.577,7,106.4548,90.9793,78.7745,69.2632,1.7097,1.5773,192.981,35.4058,71.3936,66.3889,778.2714,722.4121,749.2923,696.654,1.9048,1.7591,764.1,154.5791,235.455,221.7117,148.0,161.2857,136.1249,149.7713,1.88,1.6103,171,46.6703,49.9314,50.0578,5851.2041,5179.6845,1686.2534,1821.1742,1.6267,1.4435,11338.571,1969.0737,4123.7757,3978.2039,72.4,63.3549,39.6247,27.4547,1.6174,1.3693,138.63,25.5011,52.0199,55.4985,9.3189,8.8813,5.7328,6.3588,1.7171,1.5404,19.478,2.8547,5.7366,3.885,100.2895,142.7722,17.4874,30.5953,1.144,0.9248,399.9734,87.9092,137.6767,154.6377,3.1429,2.6484,2.869,2.4468,1.8554,1.7273,3,0.8242,1.3553,1.1987
ood__train_fraction_0.02__seed0,135.0,39.986,-95.014,95.014,6,107.2912,84.511,77.0359,66.3025,1.545,1.4652,184.5906,28.7394,71.4142,56.4714,819.1833,745.9122,777.7074,711.2548,1.7393,1.596,810.6,239.8989,271.1261,247.2278,166.5,172.1889,149.0897,157.8541,1.7085,1.4593,205,54.1333,62.2167,59.3288,8095.9048,5698.2254,1645.0268,1961.7439,1.3304,1.2531,21018.571,2986.5079,7379.6083,4559.463,49.87,60.4211,17.0444,22.806,1.1121,0.8798,141.0,39.8167,58.1264,58.7961,10.8587,8.6626,4.9669,5.7588,1.328,1.2495,32.778,4.342,10.7655,5.0222,112.3878,183.1441,15.7473,39.1906,1.0096,0.6999,399.9734,133.3304,145.4366,169.6613,2.8333,2.0556,2.4644,2.028,1.6242,1.6186,5,0.5889,1.8634,0.5241
ood__train_fraction_0.02__seed0,133.5,38.605,-94.895,94.895,6,78.8907,81.5251,48.9378,64.1501,1.408,1.3832,192.3726,31.2901,69.9206,54.8077,804.1,706.4184,755.0203,675.5514,1.7274,1.5155,810.6,252.3701,295.8722,237.8915,143.8333,170.5063,123.6294,155.7893,1.6633,1.392,205,57.5439,70.3217,60.4487,4688.5715,5237.643,1109.5179,1827.0757,1.3511,1.1075,11848.571,3064.8314,4255.1554,3925.2198,76.3033,63.794,38.5581,30.158,1.3756,0.9798,151.53,40.6604,64.0057,57.5586,23.177,8.8771,6.6645,6.0805,0.8863,1.247,104.778,4.4559,36.8062,6.1469,134.0044,190.8012,25.04,46.6194,1.2469,0.754,399.9734,136.8271,138.0199,166.5788,2.5,2.0901,2.4019,2.0738,1.749,1.5529,2,0.675,0.7638,0.2942
ood__train_fraction_0.02__seed0,132.0,37.628,-94.372,94.372,7,106.4548,87.056,78.7745,67.9149,1.7097,1.5997,192.981,30.1295,71.3936,62.7011,778.2714,724.866,749.2923,701.2814,1.9048,1.7128,764.1,215.167,235.455,211.5968,148.0,159.84,136.1249,149.3563,1.88,1.5927,171,42.47,49.9314,47.9724,5851.2041,5511.7129,1686.2534,2100.1353,1.6267,1.348,11338.571,2687.8571,4123.7757,3938.1421,72.4,68.716,39.6247,31.4306,1.6174,1.26,138.63,35.196,52.0199,55.5451,9.3189,9.283,5.7328,6.7987,1.7171,1.4603,19.478,3.9078,5.7366,3.9131,100.2895,169.8427,17.4874,40.0979,1.144,0.8014,399.9734,119.9973,137.6767,165.7191,3.1429,2.56,2.869,2.3809,1.8554,1.7291,3,0.7,1.3553,1.1342
ood__train_fraction_0.02__seed0,135.0,40.692,-94.308,94.308,5,91.5081,84.6708,64.5703,66.3574,1.3275,1.3838,184.5906,28.7394,68.0099,56.7785,831.2,748.6556,781.4832,713.4838,1.548,1.5575,810.6,136.6667,295.5415,248.7242,162.2,172.0,142.333,157.6879,1.5089,1.4201,205,50.8889,67.3362,59.3052,5511.0858,5615.0477,988.2824,1952.1707,1.1394,1.1343,13532.571,2986.5079,5026.1919,4342.3025,56.644,60.26,17.2613,22.214,0.9546,0.8637,141.0,39.8,61.4743,58.9373,6.4304,8.3213,3.401,5.5906,1.2866,1.1291,12.878,4.342,4.6278,4.3562,125.2653,182.703,12.6008,38.4338,0.8106,0.6843,399.9734,133.3304,156.1639,170.0632,2.0,2.0,2.0,2.0,1.6094,1.523,0,0.4444,0.0,0.0
ood__train_fraction_0.02__seed0,132.0,37.727,-94.273,94.273,7,106.4548,87.0738,78.7745,67.9207,1.7097,1.5639,192.981,32.2193,71.3936,62.7355,778.2714,724.743,749.2923,701.1597,1.9048,1.6983,764.1,215.167,235.455,211.606,148.0,159.73,136.1249,149.2456,1.88,1.5788,171,42.47,49.9314,47.9983,5851.2041,5496.1129,1686.2534,2097.0294,1.6267,1.3204,11338.571,2687.8571,4123.7757,3918.0624,72.4,69.277,39.6247,31.7241,1.6174,1.2497,138.63,35.196,52.0199,55.5012,9.3189,9.3443,5.7328,6.8551,1.7171,1.4501,19.478,3.9078,5.7366,3.8899,100.2895,169.5727,17.4874,39.5104,1.144,0.7948,399.9734,119.9973,137.6767,165.9604,3.1429,2.57,2.869,2.3862,1.8554,1.7004,3,0.75,1.3553,1.1511
ood__train_fraction_0.02__seed0,132.25,38.423,-93.827,93.827,7,106.4548,90.9793,78.7745,69.2632,1.7097,1.5773,192.981,35.4058,71.3936,66.3889,778.2714,722.4121,749.2923,696.654,1.9048,1.7591,764.1,154.5791,235.455,221.7117,148.0,161.2857,136.1249,149.7713,1.88,1.6103,171,46.6703,49.9314,50.0578,5851.2041,5179.6845,1686.2534,1821.1742,1.6267,1.4435,11338.571,1969.0737,4123.7757,3978.2039,72.4,63.3549,39.6247,27.4547,1.6174,1.3693,138.63,25.5011,52.0199,55.4985,9.3189,8.8813,5.7328,6.3588,1.7171,1.5404,19.478,2.8547,5.7366,3.885,100.2895,142.7722,17.4874,30.5953,1.144,0.9248,399.9734,87.9092,137.6767,154.6377,3.1429,2.6484,2.869,2.4468,1.8554,1.7273,3,0.8242,1.3553,1.1987
ood__train_fraction_0.02__seed0,134.5,40.692,-93.808,93.808,5,91.5081,84.6708,64.5703,66.3574,1.3275,1.3838,184.5906,28.7394,68.0099,56.7785,831.2,748.6556,781.4832,713.4838,1.548,1.5575,810.6,136.6667,295.5415,248.7242,162.2,172.0,142.333,157.6879,1.5089,1.4201,205,50.8889,67.3362,59.3052,5511.0858,5615.0477,988.2824,1952.1707,1.1394,1.1343,13532.571,2986.5079,5026.1919,4342.3025,56.644,60.26,17.2613,22.214,0.9546,0.8637,141.0,39.8,61.4743,58.9373,6.4304,8.3213,3.401,5.5906,1.2866,1.1291,12.878,4.342,4.6278,4.3562,125.2653,182.703,12.6008,38.4338,0.8106,0.6843,399.9734,133.3304,156.1639,170.0632,2.0,2.0,2.0,2.0,1.6094,1.523,0,0.4444,0.0,0.0
ood__train_fraction_0.02__seed0,133.5,40.985,-92.515,92.515,5,92.2667,81.684,64.8127,64.3962,1.3233,1.3806,188.3839,29.5605,69.2327,54.7693,747.78,705.5514,702.1152,674.8192,1.541,1.4974,810.6,204.9514,293.2861,237.4704,159.2,170.7429,139.7434,156.0901,1.5073,1.386,205,52.3429,67.2113,60.3146,5174.2858,5244.449,962.3642,1826.1878,1.1651,1.1008,11848.571,3071.8367,4506.8955,3927.1179,60.484,63.5846,29.1775,30.0452,1.1126,0.9507,138.63,40.224,58.4343,57.4573,6.8124,8.6574,3.8396,6.041,1.3455,1.1541,12.878,4.4661,4.3402,4.087,132.8053,190.9173,17.7474,46.5024,0.9499,0.7429,399.9734,137.1398,151.1646,166.7513,2.2,2.0857,2.1689,2.0707,1.5942,1.5315,1,0.4571,0.4,0.2799
ood__train_fraction_0.02__seed0,133.0,40.692,-92.308,92.308,5,91.5081,84.6708,64.5703,66.3574,1.3275,1.3838,184.5906,28.7394,68.0099,56.7785,831.2,748.6556,781.4832,713.4838,1.548,1.5575,810.6,136.6667,295.5415,248.7242,162.2,172.0,142.333,157.6879,1.5089,1.4201,205,50.8889,67.3362,59.3052,5511.0858,5615.0477,988.2824,1952.1707,1.1394,1.1343,13532.571,2986.5079,5026.1919,4342.3025,56.644,60.26,17.2613,22.214,0.9546,0.8637,141.0,39.8,61.4743,58.9373,6.4304,8.3213,3.401,5.5906,1.2866,1.1291,12.878,4.342,4.6278,4.3562,125.2653,182.703,12.6008,38.4338,0.8106,0.6843,399.9734,133.3304,156.1639,170.0632,2.0,2.0,2.0,2.0,1.6094,1.523,0,0.4444,0.0,0.0
ood__train_fraction_0.02__seed0,132.9,40.692,-92.208,92.208,5,91.5081,84.6708,64.5703,66.3574,1.3275,1.3838,184.5906,28.7394,68.0099,56.7785,831.2,748.6556,781.4832,713.4838,1.548,1.5575,810.6,136.6667,295.5415,248.7242,162.2,172.0,142.333,157.6879,1.5089,1.4201,205,50.8889,67.3362,59.3052,5511.0858,5615.0477,988.2824,1952.1707,1.1394,1.1343,13532.571,2986.5079,5026.1919,4342.3025,56.644,60.26,17.2613,22.214,0.9546,0.8637,141.0,39.8,61.4743,58.9373,6.4304,8.3213,3.401,5.5906,1.2866,1.1291,12.878,4.342,4.6278,4.3562,125.2653,182.703,12.6008,38.4338,0.8106,0.6843,399.9734,133.3304,156.1639,170.0632,2.0,2.0,2.0,2.0,1.6094,1.523,0,0.4444,0.0,0.0
ood__train_fraction_0.02__seed0,130.0,37.81,-92.19,92.19,6,103.904,85.7116,73.2599,67.838,1.5115,1.5263,192.981,28.9427,76.818,61.21,769.1,725.5109,736.1386,704.0574,1.7438,1.6156,764.1,244.9018,253.1602,201.5858,150.5,158.5818,136.6528,149.0531,1.7171,1.5308,171,48.3636,53.5249,45.8978,5710.2382,5853.2208,1339.9747,2404.4768,1.4121,1.2077,11338.571,3258.0519,4438.5449,3900.8012,67.0167,73.26,33.7005,35.4595,1.3965,1.111,138.63,42.8964,54.3527,54.9159,7.5887,9.55,4.6668,7.1777,1.5824,1.3128,12.878,4.7435,4.1759,3.7698,113.0044,190.6206,16.5887,48.9324,1.0302,0.7006,399.9734,145.4521,144.8528,171.4495,2.8333,2.5091,2.6153,2.3435,1.7075,1.633,3,0.5818,1.2134,1.0933
ood__train_fraction_0.02__seed0,137.4,45.437,-91.963,91.963,6,110.3206,52.5334,78.2411,34.0055,1.5357,1.6531,188.3839,13.7962,74.9934,54.177,790.8167,994.6482,745.4868,927.0551,1.7309,1.0238,810.6,683.3353,284.502,346.7733,161.1667,112.9412,144.5247,89.7091,1.7073,1.596,205,27.7529,61.5126,74.9788,6567.5715,2894.0977,1495.1586,64.9052,1.4082,1.2613,13532.571,1580.4199,5160.7152,4035.6735,50.6533,99.8647,17.7919,60.2728,1.1383,0.6848,141.0,75.4235,57.6948,58.0033,6.0587,4.5998,3.5227,1.2604,1.4959,1.2618,12.878,2.2848,4.3056,5.1141,112.0544,98.5117,15.636,1.357,1.0047,0.7554,399.9734,70.5742,145.586,152.8892,2.1667,2.0471,2.1398,2.0385,1.7782,1.3771,1,1.0353,0.3727,0.2118
ood__train_fraction_0.02__seed0,132.72,41.218,-91.502,91.502,6,107.2912,54.4023,77.0359,35.5716,1.545,1.6581,184.5906,14.2564,71.4142,53.9582,819.1833,991.7422,777.7074,927.626,1.7393,1.1148,810.6,644.6891,271.1261,337.7286,166.5,118.0156,149.0897,93.8529,1.7085,1.6147,205,28.6875,62.2167,76.1252,8095.9048,3276.0582,1645.0268,83.5085,1.3304,1.3293,21018.571,1679.2855,7379.6083,4652.9968,49.87,96.4666,17.0444,51.9798,1.1121,0.6888,141.0,71.1797,58.1264,59.8218,10.8587,5.2577,4.9669,1.4209,1.328,1.3836,32.778,2.3489,10.7655,6.2399,112.3878,103.4024,15.7473,1.637,1.0096,0.7174,399.9734,74.9867,145.4366,156.1656,2.8333,2.0781,2.4644,2.0395,1.6242,1.4653,5,0.9062,1.8634,0.6201
ood__train_fraction_0.02__seed0,133.6,42.143,-91.457,91.457,6,110.7901,93.4574,78.4198,72.2083,1.5341,1.4655,191.2006,30.0063,75.5872,61.5442,811.8667,764.9988,770.0241,728.0246,1.7379,1.6224,810.6,227.0262,273.2329,253.7481,160.8333,170.848,144.2142,156.1473,1.7071,1.4974,205,55.6636,61.5452,60.2332,6482.5715,6112.6577,1484.2363,2076.9917,1.4107,1.2412,13532.571,2899.8806,5076.5237,4509.9835,53.3033,60.5042,19.5648,22.5162,1.201,0.9279,141.0,38.5952,56.6131,58.5885,6.1537,7.9667,3.5982,5.1909,1.5052,1.1843,12.878,4.2143,4.2697,4.5061,110.2211,168.9214,14.9398,31.3042,0.9748,0.6731,399.9734,129.4633,146.4728,173.3301,2.3333,2.0394,2.2449,2.0275,1.7479,1.6446,2,0.5684,0.7454,0.2781
ood__train_fraction_0.02__seed0,133.0,41.674,-91.326,91.326,6,109.0845,84.6306,77.7605,66.3439,1.5396,1.4683,184.5906,28.7394,73.4786,56.6975,840.8833,747.3589,798.4991,712.507,1.7408,1.6014,810.6,238.4522,270.6588,247.6812,164.1667,172.0333,147.1791,157.7184,1.7086,1.4566,205,54.2889,61.6263,59.3055,7809.2382,5679.1143,1621.7868,1959.8839,1.3476,1.2464,19298.571,2986.5079,6889.0995,4498.3971,84.5867,62.7356,26.4667,23.485,1.2191,0.9951,222.8,39.8167,83.9834,61.0582,7.442,8.4348,4.2249,5.697,1.5193,1.1872,12.878,4.342,4.7921,4.3305,157.7211,186.1663,21.6035,40.0254,1.1763,0.7634,399.9734,133.3304,159.9673,169.6496,2.5,2.0333,2.33,2.0205,1.7095,1.5988,3,0.6111,1.118,0.3145
ood__train_fraction_0.02__seed0,132.0,40.692,-91.308,91.308,5,91.5081,84.6708,64.5703,66.3574,1.3275,1.3838,184.5906,28.7394,68.0099,56.7785,831.2,748.6556,781.4832,713.4838,1.548,1.5575,810.6,136.6667,295.5415,248.7242,162.2,172.0,142.333,157.6879,1.5089,1.4201,205,50.8889,67.3362,59.3052,5511.0858,5615.0477,988.2824,1952.1707,1.1394,1.1343,13532.571,2986.5079,5026.1919,4342.3025,56.644,60.26,17.2613,22.214,0.9546,0.8637,141.0,39.8,61.4743,58.9373,6.4304,8.3213,3.401,5.5906,1.2866,1.1291,12.878,4.342,4.6278,4.3562,125.2653,182.703,12.6008,38.4338,0.8106,0.6843,399.9734,133.3304,156.1639,170.0632,2.0,2.0,2.0,2.0,1.6094,1.523,0,0.4444,0.0,0.0
ood__train_fraction_0.02__seed0,131.4,40.587,-90.813,90.813,6,79.4231,81.8763,52.6599,62.9181,1.4421,1.4255,184.5906,28.4101,67.7103,57.1168,972.6667,788.2872,887.8057,739.9642,1.7026,1.7204,1177.5,166.2766,415.754,307.5245,142.1667,166.4681,116.1349,149.056,1.6309,1.4642,211,52.0426,76.0601,63.6867,4592.8542,5376.1816,341.9573,1446.3006,1.14,1.1345,13532.571,2859.5023,5026.7203,4397.3864,102.12,71.717,28.2187,24.9153,1.1315,1.189,328.0,38.1064,116.1446,79.2415,5.402,7.9783,2.2156,4.9063,1.323,1.1381,12.878,4.1698,4.8099,4.5625,104.3924,174.9295,4.5437,28.2489,0.8111,0.6844,399.9734,127.6584,150.0035,170.4417,1.8333,1.9574,1.7818,1.9419,1.7678,1.5946,1,0.5957,0.3727,0.2018
ood__train_fraction_1.0__seed0,185.0,41.626,-143.374,143.374,2,16.5365,11.3603,5.685,3.1937,0.1364,0.2246,31.0571,10.0164,15.5285,14.6404,1155.15,1207.2,1144.5474,1197.6315,0.684,0.589,312.3,541.2,156.15,147.2196,70.0,64.3333,67.9043,62.5207,0.6634,0.6883,34,6.3333,17.0,16.0278,980.045,653.3933,13.2742,2.5115,0.0005,0.0009,1959.9101,653.2734,979.955,923.9105,137.9,116.7,122.3579,103.6138,0.5827,0.6817,127.2,17.6333,63.6,59.9627,1.144,0.9487,0.9825,0.8137,0.5555,0.6697,1.172,0.2047,0.586,0.5525,0.1928,0.1887,0.1924,0.1883,0.6911,0.6547,0.0245,0.052,0.0122,0.0115,3.5,2.6667,2.4495,1.8171,0.4101,0.5623,5,1.3333,2.5,2.357
ood__train_fraction_1.0__seed0,132.0,12.792,-119.208,119.208,3,43.8472,36.8852,37.5308,30.3261,0.9746,1.0618,47.5466,7.8868,20.248,21.2813,903.5,1005.9,860.9726,956.7896,1.0489,0.8857,660.7,493.45,292.0877,308.9396,119.6667,101.75,104.9315,86.2958,0.9919,1.0742,118,17.5,51.3961,54.2604,5383.8097,4038.2145,451.5332,107.0965,0.688,0.6887,8958.571,2239.2855,3873.9077,4085.003,109.4,117.675,103.9808,112.5042,1.0523,0.9272,76.7,54.8,32.1808,31.339,11.274,8.511,3.9065,1.9074,0.7038,0.7295,20.278,5.014,8.3785,8.6921,164.6755,123.5133,9.998,2.2703,0.4872,0.4877,399.9734,99.9867,170.7649,164.1751,3.3333,3.0,2.8845,2.6321,0.9503,1.0114,4,1.0,1.8856,1.7321
ood__train_fraction_1.0__seed0,120.0,5.209,-114.791,114.791,3,66.9491,46.5692,14.3657,14.9981,0.3091,0.5357,182.8321,36.5664,82.8806,68.8805,1131.3667,1204.06,1098.4335,1179.7321,1.0713,0.8725,543.4,633.92,255.738,217.1811,98.0,78.0,78.8905,64.6713,0.8811,0.9872,145,28.0,67.2062,57.5326,6417.173,3850.8754,13.523,5.5037,0.0008,0.0022,19249.9101,3849.982,9074.179,7699.5623,98.9667,116.38,94.6554,111.4842,1.0524,0.7623,68.2,70.64,30.8736,32.0429,11.9267,7.2448,1.6306,0.7344,0.118,0.171,34.778,6.8884,16.3159,13.8782,56.7357,34.052,0.9343,0.225,0.0098,0.0124,169.9734,33.9841,80.09,67.974,3.0,2.6,2.2894,2.1689,0.8487,0.911,5,1.0,2.1602,1.7436
ood__train_fraction_1.0__seed0,115.0,13.935,-101.065,101.065,3,30.9742,14.975,9.8899,12.6182,0.4433,0.5661,78.8961,11.2561,34.8889,14.3465,1179.6667,1091.7692,1175.8701,1091.4017,1.0954,0.2845,225.6,998.7138,95.8747,29.8741,71.3333,68.0308,69.3681,67.8103,1.0706,0.3014,41,62.0615,17.0163,5.9665,1793.3633,2264.9245,85.9029,1962.7927,0.6805,0.2367,3119.9101,2120.9217,1315.7437,335.6834,185.2667,162.0308,155.5716,158.9929,0.9382,0.3505,251.8,144.6938,104.9439,37.4443,37.1193,98.8147,6.9783,84.7512,0.2359,0.0196,104.442,98.5299,48.0466,24.1608,46.7668,131.3929,1.4474,91.2264,0.0167,0.0007,139.88,131.3818,65.9258,33.6117,3.3333,4.0,2.7144,3.9561,0.9433,0.2456,4,3.7385,1.6997,0.4297
ood__train_fraction_1.0__seed0,117.5,18.765,-98.735,98.735,4,46.8466,36.9333,41.4512,30.3532,1.2933,1.1355,47.5466,15.1884,18.2887,21.3197,867.4,1007.2338,834.2895,958.603,1.3448,0.923,660.7,647.0612,260.5687,307.6382,128.75,101.625,115.8672,86.2288,1.3047,1.1517,118,37.475,47.209,54.1236,6006.3572,4046.7645,922.7119,107.2182,1.0951,0.7834,8958.571,2239.2855,3523.9278,4092.3001,86.35,117.0675,66.3128,110.6331,1.1978,0.9314,125.3,71.035,48.6889,32.7768,11.9055,8.4273,5.3557,1.8979,1.1018,0.8209,20.278,4.7578,7.338,8.608,143.2566,123.3258,16.7626,2.2653,0.8211,0.519,399.9734,99.9867,152.469,164.2173,3.25,2.9625,2.913,2.6094,1.2712,1.0742,4,1.3875,1.6394,1.6989
ood__train_fraction_1.0__seed0,109.0,12.207,-96.793,96.793,4,88.1694,98.4795,58.5369,70.4539,1.0435,0.9891,192.981,57.4231,74.3587,73.9509,788.6,713.6714,739.2536,681.0045,1.3171,1.3818,764.1,43.9714,308.0315,252.0393,151.0,165.7143,130.679,150.7799,1.275,1.2111,171,55.7143,65.4714,56.2741,3490.3572,3988.7756,488.5563,1124.3404,0.8088,0.8083,9778.571,2794.0816,3749.5809,3752.3952,61.4,49.8143,24.037,18.6406,0.8454,0.9091,138.63,25.38,58.901,53.7691,6.9155,7.8717,3.5858,5.3356,1.1273,1.1112,10.678,3.0826,4.0154,3.3335,60.7566,69.4324,6.2113,13.5382,0.5528,0.5523,199.9734,57.1391,81.4302,83.5225,2.75,2.8571,2.5149,2.5985,1.2883,1.2206,3,1.1429,1.299,1.3553
ood__train_fraction_1.0__seed0,143.0,49.181,-93.819,93.819,6,110.7901,54.751,78.4198,35.6346,1.5341,1.6765,191.2006,13.2809,75.5872,54.8716,811.8667,990.1475,770.0241,925.7754,1.7379,1.1136,810.6,643.14,273.2329,338.5936,160.8333,117.4312,144.2142,93.5302,1.7071,1.6088,205,28.7375,61.5452,75.7211,6482.5715,3117.952,1484.2363,82.6614,1.4107,1.2823,13532.571,1679.2855,5076.5237,4194.7967,53.3033,96.8981,19.5648,53.1845,1.201,0.7095,141.0,71.1844,56.6131,59.2984,6.1537,4.8244,3.5982,1.3818,1.5052,1.2448,12.878,2.3668,4.2697,5.1671,110.2211,103.2827,14.9398,1.6363,0.9748,0.7123,399.9734,74.9867,146.4728,156.2024,2.3333,2.0375,2.2449,2.0262,1.7479,1.4324,2,0.925,0.7454,0.2713
ood__train_fraction_1.0__seed0,143.0,51.561,-91.439,91.439,6,110.7901,53.7791,78.4198,34.8142,1.5341,1.6854,191.2006,12.5434,75.5872,54.7646,811.8667,999.3661,770.0241,934.7416,1.7379,1.086,810.6,662.5843,273.2329,338.7775,160.8333,115.4201,144.2142,91.6565,1.7071,1.6118,205,27.8649,61.5452,75.7221,6482.5715,3002.0297,1484.2363,72.4021,1.4107,1.3014,13532.571,1595.3315,5076.5237,4147.9816,53.3033,98.0778,19.5648,54.8202,1.201,0.6923,141.0,73.465,56.6131,58.9765,6.1537,4.662,3.5982,1.3024,1.5052,1.2604,12.878,2.2407,4.2697,5.1265,110.2211,98.8699,14.9398,1.4263,0.9748,0.7229,399.9734,71.2394,146.4728,153.8149,2.3333,2.0418,2.2449,2.0292,1.7479,1.4167,2,0.9509,0.7454,0.286
ood__train_fraction_1.0__seed0,137.4,46.958,-90.442,90.442,6,110.3206,52.5334,78.2411,34.0055,1.5357,1.6531,188.3839,13.7962,74.9934,54.177,790.8167,994.6482,745.4868,927.0551,1.7309,1.0238,810.6,683.3353,284.502,346.7733,161.1667,112.9412,144.5247,89.7091,1.7073,1.596,205,27.7529,61.5126,74.9788,6567.5715,2894.0977,1495.1586,64.9052,1.4082,1.2613,13532.571,1580.4199,5160.7152,4035.6735,50.6533,99.8647,17.7919,60.2728,1.1383,0.6848,141.0,75.4235,57.6948,58.0033,6.0587,4.5998,3.5227,1.2604,1.4959,1.2618,12.878,2.2848,4.3056,5.1141,112.0544,98.5117,15.636,1.357,1.0047,0.7554,399.9734,70.5742,145.586,152.8892,2.1667,2.0471,2.1398,2.0385,1.7782,1.3771,1,1.0353,0.3727,0.2118
ood__train_fraction_1.0__seed0,135.0,46.179,-88.821,88.821,5,91.5081,53.9861,64.5703,35.1432,1.3275,1.536,184.5906,11.9544,68.0099,54.3038,831.2,1000.8689,781.4832,937.037,1.548,1.0767,810.6,605.6753,295.5415,336.1097,162.2,116.5925,142.333,92.6793,1.5089,1.559,205,20.59,67.3362,75.8029,5511.0858,3106.6883,988.2824,77.5308,1.1394,1.136,13532.571,1651.3941,5026.1919,4268.4149,56.644,97.0077,17.2613,50.969,0.9546,0.6649,141.0,72.3402,61.4743,59.9435,6.4304,4.7023,3.401,1.3225,1.2866,1.1987,12.878,2.3026,4.6278,5.1683,125.2653,101.0768,12.6008,1.4881,0.8106,0.6854,399.9734,73.7419,156.1639,155.7136,2.0,2.0,2.0,2.0,1.6094,1.3425,0,0.8937,0.0,0.0
ood__train_fraction_1.0__seed0,135.7,46.9,-88.8,88.8,5,91.5081,54.6271,64.5703,35.613,1.3275,1.5341,184.5906,12.1561,68.0099,54.5335,831.2,995.6,781.4832,931.7166,1.548,1.0916,810.6,593.7375,295.5415,336.4568,162.2,117.75,142.333,93.714,1.5089,1.5589,205,20.9375,67.3362,75.9099,5511.0858,3159.0895,988.2824,82.936,1.1394,1.1359,13532.571,1679.2855,5026.1919,4285.0148,56.644,96.24,17.2613,50.0924,0.9546,0.6741,141.0,71.1562,61.4743,60.1526,6.4304,4.7779,3.401,1.3629,1.2866,1.1967,12.878,2.3452,4.6278,5.1786,125.2653,102.782,12.6008,1.5927,0.8106,0.6853,399.9734,74.9867,156.1639,156.463,2.0,2.0,2.0,2.0,1.6094,1.3536,0,0.875,0.0,0.0
ood__train_fraction_1.0__seed0,135.0,46.308,-88.692,88.692,5,91.5081,53.9394,64.5703,35.1093,1.3275,1.5361,184.5906,11.9397,68.0099,54.2868,831.2,1001.2522,781.4832,937.4252,1.548,1.0756,810.6,606.5438,295.5415,336.0812,162.2,116.5083,142.333,92.6045,1.5089,1.559,205,20.5648,67.3362,75.7944,5511.0858,3102.8758,988.2824,77.1516,1.1394,1.136,13532.571,1649.3649,5026.1919,4267.1795,56.644,97.0635,17.2613,51.0334,0.9546,0.6642,141.0,72.4263,61.4743,59.9278,6.4304,4.6968,3.401,1.3196,1.2866,1.1989,12.878,2.2995,4.6278,5.1675,125.2653,100.9528,12.6008,1.4808,0.8106,0.6854,399.9734,73.6513,156.1639,155.6582,2.0,2.0,2.0,2.0,1.6094,1.3417,0,0.895,0.0,0.0
ood__train_fraction_1.0__seed0,135.8,47.177,-88.623,88.623,5,91.5081,52.2348,64.5703,34.676,1.3275,1.5297,184.5906,12.4201,68.0099,51.4931,831.2,993.9294,781.4832,928.9795,1.548,1.0635,810.6,618.4245,295.5415,339.4534,162.2,117.1319,142.333,93.0167,1.5089,1.5337,205,24.3991,67.3362,76.2616,5511.0858,2992.4747,988.2824,77.321,1.1394,1.1118,13532.571,1718.5261,5026.1919,4099.4798,56.644,97.7077,17.2613,53.0474,0.9546,0.675,141.0,72.095,61.4743,59.3937,6.4304,4.8444,3.401,1.3624,1.2866,1.1753,12.878,2.4077,4.6278,5.2169,125.2653,104.9916,12.6008,1.5782,0.8106,0.6783,399.9734,76.7388,156.1639,157.578,2.0,2.0,2.0,2.0,1.6094,1.3292,0,0.9203,0.0,0.0
ood__train_fraction_1.0__seed0,135.5,46.9,-88.6,88.6,5,91.5081,54.6271,64.5703,35.613,1.3275,1.5341,184.5906,12.1561,68.0099,54.5335,831.2,995.6,781.4832,931.7166,1.548,1.0916,810.6,593.7375,295.5415,336.4568,162.2,117.75,142.333,93.714,1.5089,1.5589,205,20.9375,67.3362,75.9099,5511.0858,3159.0895,988.2824,82.936,1.1394,1.1359,13532.571,1679.2855,5026.1919,4285.0148,56.644,96.24,17.2613,50.0924,0.9546,0.6741,141.0,71.1562,61.4743,60.1526,6.4304,4.7779,3.401,1.3629,1.2866,1.1967,12.878,2.3452,4.6278,5.1786,125.2653,102.782,12.6008,1.5927,0.8106,0.6853,399.9734,74.9867,156.1639,156.463,2.0,2.0,2.0,2.0,1.6094,1.3536,0,0.875,0.0,0.0
ood__train_fraction_1.0__seed0,135.4,47.169,-88.231,88.231,5,91.5081,52.2818,64.5703,34.7108,1.3275,1.5296,184.5906,12.4362,68.0099,51.5099,831.2,993.5153,781.4832,928.5625,1.548,1.0647,810.6,617.5233,295.5415,339.4786,162.2,117.2216,142.333,93.0966,1.5089,1.5337,205,24.4307,67.3362,76.2704,5511.0858,2996.3551,988.2824,77.7224,1.1394,1.1118,13532.571,1720.7574,5026.1919,4100.7214,56.644,97.6496,17.2613,52.9794,0.9546,0.6757,141.0,72.0036,61.4743,59.4102,6.4304,4.8504,3.401,1.3656,1.2866,1.1752,12.878,2.4108,4.6278,5.2176,125.2653,105.1277,12.6008,1.5866,0.8106,0.6783,399.9734,76.8384,156.1639,157.6348,2.0,2.0,2.0,2.0,1.6094,1.33,0,0.9189,0.0,0.0
ood__train_fraction_1.0__seed0,135.0,46.9,-88.1,88.1,5,91.5081,54.6271,64.5703,35.613,1.3275,1.5341,184.5906,12.1561,68.0099,54.5335,831.2,995.6,781.4832,931.7166,1.548,1.0916,810.6,593.7375,295.5415,336.4568,162.2,117.75,142.333,93.714,1.5089,1.5589,205,20.9375,67.3362,75.9099,5511.0858,3159.0895,988.2824,82.936,1.1394,1.1359,13532.571,1679.2855,5026.1919,4285.0148,56.644,96.24,17.2613,50.0924,0.9546,0.6741,141.0,71.1562,61.4743,60.1526,6.4304,4.7779,3.401,1.3629,1.2866,1.1967,12.878,2.3452,4.6278,5.1786,125.2653,102.782,12.6008,1.5927,0.8106,0.6853,399.9734,74.9867,156.1639,156.463,2.0,2.0,2.0,2.0,1.6094,1.3536,0,0.875,0.0,0.0
ood__train_fraction_1.0__seed0,91.0,2.972,-88.028,88.028,3,74.2764,57.5278,40.7405,29.3669,0.5821,0.5386,167.8406,45.1088,77.5257,72.3302,859.4667,1168.8346,794.1762,1137.0915,1.0215,0.4757,817.5,966.5481,339.7255,245.6577,143.6667,85.5556,120.7399,68.8386,0.9653,0.7895,145,45.3086,67.6576,63.4813,6739.8097,4766.0956,298.6158,16.2026,0.193,0.0196,19248.571,4752.0279,8854.8372,8294.1435,92.3,126.0037,85.2607,122.143,1.0202,0.4669,88.2,104.8852,37.0265,28.0238,12.6073,8.8385,2.7235,0.7983,0.286,0.1165,34.778,8.6099,15.8637,14.9823,103.3422,43.7234,8.5844,0.2572,0.6893,0.1704,169.9734,41.9556,74.0747,73.9327,3.0,2.9753,2.2894,2.6009,0.8487,0.7172,5,1.4691,2.1602,1.7354
ood__train_fraction_1.0__seed0,133.5,45.637,-87.863,87.863,6,90.8601,54.4183,67.9403,36.6224,1.555,1.7006,184.5906,11.6118,62.1012,50.8695,784.1667,968.7821,736.8206,901.7217,1.7276,1.1746,810.6,594.3761,289.5652,345.4289,171.6667,123.0,152.9309,97.7045,1.7055,1.7119,205,22.5522,65.012,77.7589,5030.9048,2972.6527,1163.394,94.4805,1.3359,1.2633,13532.571,1604.0936,4712.2224,3989.3116,48.2917,92.2982,14.6796,46.7397,1.0408,0.697,141.0,67.9925,59.1443,61.541,6.692,5.0074,3.9221,1.5031,1.5296,1.3807,12.878,2.2437,4.2649,5.108,110.2211,100.1455,14.9398,1.8688,0.9748,0.7665,399.9734,71.6291,146.4728,153.3578,2.0,2.0,2.0,2.0,1.7918,1.4758,0,0.8657,0.0,0.0
ood__train_fraction_1.0__seed0,134.0,46.233,-87.767,87.767,5,91.5081,53.9161,64.5703,35.0923,1.3275,1.5361,184.5906,11.9324,68.0099,54.2782,831.2,1001.4436,781.4832,937.6191,1.548,1.0751,810.6,606.9773,295.5415,336.0668,162.2,116.4663,142.333,92.5671,1.5089,1.559,205,20.5521,67.3362,75.7902,5511.0858,3100.973,988.2824,76.963,1.1394,1.136,13532.571,1648.3521,5026.1919,4266.5615,56.644,97.0914,17.2613,51.0656,0.9546,0.6638,141.0,72.4693,61.4743,59.92,6.4304,4.694,3.401,1.3182,1.2866,1.1989,12.878,2.298,4.6278,5.1671,125.2653,100.8908,12.6008,1.4772,0.8106,0.6854,399.9734,73.6061,156.1639,155.6305,2.0,2.0,2.0,2.0,1.6094,1.3413,0,0.8957,0.0,0.0
ood__train_fraction_1.0__seed0,134.0,46.336,-87.664,87.664,5,91.5081,53.8002,64.5703,35.0081,1.3275,1.5365,184.5906,11.8959,68.0099,54.2356,831.2,1002.3966,781.4832,938.5853,1.548,1.0724,810.6,609.1367,295.5415,335.9935,162.2,116.2569,142.333,92.3814,1.5089,1.559,205,20.4893,67.3362,75.7686,5511.0858,3091.4943,988.2824,76.0305,1.1394,1.136,13532.571,1643.3069,5026.1919,4263.4691,56.644,97.2303,17.2613,51.2261,0.9546,0.6622,141.0,72.6835,61.4743,59.8808,6.4304,4.6803,3.401,1.311,1.2866,1.1993,12.878,2.2903,4.6278,5.1651,125.2653,100.5824,12.6008,1.4591,0.8106,0.6854,399.9734,73.3809,156.1639,155.4921,2.0,2.0,2.0,2.0,1.6094,1.3392,0,0.8991,0.0,0.0
ood__train_fraction_1.0__seed0,134.5,46.9,-87.6,87.6,5,91.5081,54.6271,64.5703,35.613,1.3275,1.5341,184.5906,12.1561,68.0099,54.5335,831.2,995.6,781.4832,931.7166,1.548,1.0916,810.6,593.7375,295.5415,336.4568,162.2,117.75,142.333,93.714,1.5089,1.5589,205,20.9375,67.3362,75.9099,5511.0858,3159.0895,988.2824,82.936,1.1394,1.1359,13532.571,1679.2855,5026.1919,4285.0148,56.644,96.24,17.2613,50.0924,0.9546,0.6741,141.0,71.1562,61.4743,60.1526,6.4304,4.7779,3.401,1.3629,1.2866,1.1967,12.878,2.3452,4.6278,5.1786,125.2653,102.782,12.6008,1.5927,0.8106,0.6853,399.9734,74.9867,156.1639,156.463,2.0,2.0,2.0,2.0,1.6094,1.3536,0,0.875,0.0,0.0
ood__train_fraction_1.0__seed0,134.0,46.459,-87.541,87.541,6,110.3206,54.7456,78.2411,35.6338,1.5357,1.6942,188.3839,12.1561,74.9934,54.8539,790.8167,982.5656,745.4868,916.2552,1.7309,1.1014,810.6,638.1469,284.502,343.8006,161.1667,117.2812,144.5247,93.4456,1.7073,1.6158,205,26.75,61.5126,75.6254,6567.5715,3106.4645,1495.1586,82.5923,1.4082,1.3089,13532.571,1679.2855,5160.7152,4165.9625,50.6533,96.84,17.7919,54.3742,1.1383,0.7065,141.0,71.2031,57.6948,59.2943,6.0587,4.8376,3.5227,1.389,1.4959,1.2503,12.878,2.3847,4.3056,5.1605,112.0544,103.9602,15.636,1.6803,1.0047,0.7365,399.9734,74.9867,145.586,155.888,2.1667,2.0312,2.1398,2.0255,1.7782,1.4255,1,0.9375,0.3727,0.174
ood__train_fraction_1.0__seed0,134.7,47.31,-87.39,87.39,5,91.5081,52.365,64.5703,34.7725,1.3275,1.5294,184.5906,12.4647,68.0099,51.5396,831.2,992.7832,781.4832,927.8257,1.548,1.0667,810.6,615.9297,295.5415,339.5221,162.2,117.3802,142.333,93.238,1.5089,1.5336,205,24.4867,67.3362,76.2856,5511.0858,3003.2165,988.2824,78.4372,1.1394,1.1118,13532.571,1724.703,5026.1919,4102.9069,56.644,97.5468,17.2613,52.8595,0.9546,0.677,141.0,71.8421,61.4743,59.4394,6.4304,4.861,3.401,1.3713,1.2866,1.1749,12.878,2.4163,4.6278,5.2189,125.2653,105.3685,12.6008,1.6016,0.8106,0.6783,399.9734,77.0145,156.1639,157.7348,2.0,2.0,2.0,2.0,1.6094,1.3315,0,0.9164,0.0,0.0
ood__train_fraction_1.0__seed0,134.0,46.9,-87.1,87.1,5,91.5081,54.6271,64.5703,35.613,1.3275,1.5341,184.5906,12.1561,68.0099,54.5335,831.2,995.6,781.4832,931.7166,1.548,1.0916,810.6,593.7375,295.5415,336.4568,162.2,117.75,142.333,93.714,1.5089,1.5589,205,20.9375,67.3362,75.9099,5511.0858,3159.0895,988.2824,82.936,1.1394,1.1359,13532.571,1679.2855,5026.1919,4285.0148,56.644,96.24,17.2613,50.0924,0.9546,0.6741,141.0,71.1562,61.4743,60.1526,6.4304,4.7779,3.401,1.3629,1.2866,1.1967,12.878,2.3452,4.6278,5.1786,125.2653,102.782,12.6008,1.5927,0.8106,0.6853,399.9734,74.9867,156.1639,156.463,2.0,2.0,2.0,2.0,1.6094,1.3536,0,0.875,0.0,0.0
ood__train_fraction_1.0__seed0,131.0,43.932,-87.068,87.068,5,92.2667,52.578,64.8127,34.013,1.3233,1.5399,188.3839,11.4411,69.2327,54.3003,747.78,989.7412,702.1152,921.2332,1.541,0.9882,810.6,660.5294,293.2861,349.5182,159.2,112.7647,139.7434,89.6122,1.5073,1.5514,205,20.5882,67.2113,74.8595,5174.2858,2874.2859,962.3642,64.8038,1.1651,1.1282,11848.571,1580.4199,4506.8955,3987.2347,60.484,100.0906,29.1775,62.163,1.1126,0.6926,138.63,74.9859,58.4343,57.6562,6.8124,4.6222,3.8396,1.2694,1.3455,1.2523,12.878,2.1942,4.3402,5.1081,132.8053,98.9552,17.7474,1.3846,0.9499,0.7645,399.9734,70.5742,151.1646,152.6814,2.2,2.0588,2.1689,2.0483,1.5942,1.3507,1,0.8824,0.4,0.2353
random_iid__baseline_0__seed0,8.0,80.519,72.519,72.519,4,92.2091,50.9452,67.8691,32.6701,1.1723,1.3679,135.9646,6.8796,55.3077,49.7623,776.875,1040.912,720.0697,974.0447,1.3068,0.7873,810.6,744.108,322.7706,340.991,169.25,106.64,142.0154,82.8861,1.2524,1.3691,205,11.88,80.8034,78.5192,4428.8572,2633.5774,696.7509,40.4102,1.0266,0.8504,8958.571,1791.1426,3226.5358,3577.5643,82.3375,115.454,60.7215,97.2006,1.164,0.7341,127.05,83.646,51.1257,44.3864,7.6555,4.4572,3.8353,1.0402,1.1116,1.0468,12.878,2.4868,4.683,5.393,108.0066,83.2959,7.1946,0.6569,0.3155,0.1931,399.9734,79.9841,168.7144,158.4814,2.25,2.08,2.2134,2.0659,1.3689,1.1327,1,0.96,0.433,0.2713
random_iid__baseline_0__seed0,24.0,89.5,65.5,65.5,7,97.0384,84.0622,70.4735,65.7971,1.6713,1.5455,192.981,31.1651,73.0809,61.1777,767.6714,724.2381,739.3758,700.0224,1.9047,1.7104,764.1,200.3052,234.4069,214.5931,151.2857,160.4639,139.2624,149.6661,1.8822,1.59,171,41.9794,49.5918,48.5775,6019.347,5356.9308,1725.7102,1998.9314,1.6299,1.3516,11338.571,2586.2444,4178.4671,3888.4035,59.9,66.8897,30.6131,29.7313,1.5104,1.2138,138.63,34.2557,53.2548,56.0663,8.476,9.2831,5.4486,6.7811,1.7568,1.4677,13.578,3.7586,4.4352,3.7905,108.1467,167.5079,20.7321,39.0942,1.2573,0.842,399.9734,115.4612,134.6345,163.6781,2.8571,2.5258,2.6671,2.3572,1.8741,1.6986,3,0.7113,1.1249,1.1038
random_iid__baseline_0__seed0,18.0,79.209,61.209,61.209,4,91.8081,74.0285,67.6893,52.5089,1.1735,1.2692,134.3606,22.1323,54.8771,52.3191,775.175,858.5467,717.8209,796.8473,1.3058,1.1613,810.6,365.6867,323.993,334.7319,171.0,146.6667,143.0793,119.7763,1.2505,1.3059,205,34.6,82.1858,81.3607,4956.1072,4669.543,758.1899,392.3769,1.034,0.8994,8958.571,2986.1903,3479.0916,3824.7619,82.3375,97.4233,60.7215,75.319,1.164,1.0122,127.05,44.41,51.1257,49.7074,7.4555,7.174,3.75,2.8779,1.1086,0.9755,12.878,4.2927,4.6252,5.3091,107.7566,138.6755,7.0625,5.518,0.3081,0.1879,399.9734,133.3245,168.8542,184.9047,2.25,2.1333,2.2134,2.1111,1.3689,1.3547,1,0.2667,0.433,0.3399
random_iid__baseline_0__seed0,91.5,33.914,-57.586,57.586,4,94.0364,62.3939,65.6864,38.06,1.1006,1.2599,192.981,19.3913,71.1912,64.3462,827.5,1003.1733,783.8446,940.9068,1.3295,0.9435,764.1,606.6,289.6986,336.7384,138.75,107.8,121.5059,87.1588,1.2787,1.3219,171,24.7333,60.6893,68.7752,5342.8572,3025.4288,757.5455,66.9414,0.9806,1.0359,9778.571,1303.2379,4143.1391,3960.7442,90.4075,105.6527,56.7096,70.9802,1.1544,0.828,135.97,74.694,51.5367,52.3318,8.0555,4.9184,3.9906,1.3161,1.1128,1.1829,12.878,1.6283,4.871,5.2305,110.7566,61.4142,7.3866,0.8628,0.3658,0.4424,399.9734,53.3192,167.4969,133.4735,2.75,2.4,2.5149,2.2599,1.2883,1.259,3,0.8,1.299,1.0198
random_iid__baseline_0__seed0,62.0,6.173,-55.827,55.827,5,52.1444,60.5059,37.3855,44.4698,1.2807,1.1261,122.9061,34.2514,45.5949,47.422,1060.9,915.2975,982.6619,864.6755,1.5368,1.4706,1138.9,253.4475,402.65,305.9893,107.8,124.1,90.3182,109.0076,1.4509,1.304,153,47.7,59.8812,56.151,3169.225,3961.1139,184.5043,598.4275,0.9655,0.9645,7872.571,1968.4576,3251.9714,3175.4854,122.24,75.1,78.06,55.6125,1.2295,1.4098,312.3,27.7625,111.504,60.3634,4.2444,5.2415,1.2628,1.8821,0.8476,0.7957,13.578,3.4435,5.3025,5.4932,18.4581,23.0657,0.7084,1.5948,0.4292,0.4267,78.9734,19.7493,30.6808,32.7183,2.8,3.225,2.4595,3.0272,1.4944,1.3583,4,1.225,1.3266,1.1289
random_iid__baseline_0__seed0,30.0,85.702,55.702,55.702,4,76.4446,51.7012,59.3567,35.718,1.1995,1.2875,121.3276,13.7591,43.8234,43.4282,794.0,994.0444,741.6293,929.6101,1.315,0.913,810.6,635.2815,311.7435,339.5269,164.5,115.6667,139.0005,91.2953,1.2567,1.3321,205,21.8889,77.5258,77.9668,4235.8572,3174.9632,669.5566,79.5605,1.0154,0.7627,8958.571,2322.222,3194.9389,3746.992,77.2375,109.5667,53.528,87.5908,1.1052,0.7851,127.05,71.6,54.8308,48.5637,8.1805,5.541,4.0356,1.4548,1.1121,0.9971,12.878,3.2812,4.9482,5.7378,108.7566,107.6434,7.5524,1.364,0.3363,0.1807,399.9734,103.6899,168.301,173.1005,2.25,2.0741,2.2134,2.061,1.3689,1.2104,1,0.8148,0.433,0.2619
random_iid__baseline_0__seed0,30.3,85.559,55.259,55.259,4,76.4446,51.2457,59.3567,34.9353,1.1995,1.2919,121.3276,14.2883,43.8234,44.1921,794.0,1003.6231,741.6293,937.5592,1.315,0.8905,810.6,659.7154,311.7435,342.396,164.5,114.5385,139.0005,89.6852,1.2567,1.3397,205,22.6154,77.5258,79.2354,4235.8572,2952.4618,669.5566,66.3422,1.0154,0.8128,8958.571,2066.9228,3194.9389,3639.1292,77.2375,109.1692,53.528,86.5394,1.1052,0.7628,127.05,74.3538,54.8308,49.4457,8.1805,5.2503,4.0356,1.3369,1.1121,1.0429,12.878,2.9035,4.9482,5.6486,108.7566,96.3989,7.5524,1.0963,0.3363,0.2031,399.9734,92.2934,168.301,166.4404,2.25,2.0769,2.2134,2.0634,1.3689,1.2018,1,0.8462,0.433,0.2665
random_iid__baseline_0__seed0,25.0,78.489,53.489,53.489,5,83.2448,59.2244,59.5061,36.1262,1.3115,1.3721,192.981,25.1922,67.2338,64.1963,779.88,1005.8667,740.3993,945.3714,1.5532,1.0192,764.1,661.0267,276.0631,333.2384,149.8,106.1333,133.4253,86.4573,1.5195,1.5732,171,16.2667,58.6085,66.3193,4584.2858,2953.4288,874.1648,64.6229,1.1618,1.0995,9778.571,1303.2379,4004.2732,3977.0608,73.1,105.4753,33.1488,68.5473,1.2009,0.8277,138.63,75.742,57.6457,52.6708,8.1524,4.9544,4.6464,1.3219,1.3929,1.3958,12.878,1.6283,4.361,5.2534,128.6053,72.4142,14.2876,0.9692,0.872,0.7773,399.9734,53.3192,154.008,137.5793,2.6,2.4,2.4022,2.2599,1.5194,1.3651,3,0.9333,1.2,1.0198
random_iid__baseline_0__seed0,26.0,79.187,53.187,53.187,4,104.3656,75.3484,72.7469,44.634,1.1295,1.1996,184.5906,26.3885,70.3925,68.5535,891.65,1001.05,838.5849,930.6303,1.3281,1.0186,810.6,563.425,301.5128,344.9984,154.25,126.75,131.729,97.8805,1.2602,1.2403,205,45.125,73.1552,85.86,6501.3572,3689.9645,883.1173,94.2561,0.9779,1.0626,13532.571,1691.0355,5164.7912,4732.3918,69.8375,90.2875,25.085,45.2901,0.8946,0.6326,141.0,71.0625,62.0768,62.1148,5.903,4.0348,2.7017,1.2122,0.9637,1.0004,12.878,1.889,5.0379,4.6746,106.5816,55.5508,6.3131,0.9252,0.2707,0.3747,399.9734,49.9867,169.5246,130.3983,2.0,2.0,2.0,2.0,1.3863,1.213,0,0.75,0.0,0.0
random_iid__baseline_0__seed0,92.0,39.245,-52.755,52.755,4,92.2091,57.7002,67.8691,37.6232,1.1723,1.3267,135.9646,13.6526,55.3077,51.3593,776.875,985.764,720.0697,916.3192,1.3068,0.9067,810.6,639.06,322.7706,349.8639,169.25,118.72,142.0154,92.5896,1.2524,1.344,205,22.0,80.8034,81.6086,4428.8572,3132.2631,696.7509,78.3417,1.0266,0.8376,8958.571,2149.6569,3226.5358,3691.5704,82.3375,109.468,60.7215,88.3229,1.164,0.8244,127.05,71.628,51.1257,47.714,7.6555,5.2834,3.8353,1.4133,1.1116,1.0119,12.878,3.0286,4.683,5.5187,108.0066,100.0138,7.1946,1.2526,0.3155,0.193,399.9734,95.9862,168.7144,168.715,2.25,2.08,2.2134,2.0659,1.3689,1.2221,1,0.8,0.433,0.2713
random_iid__baseline_0__seed0,95.0,42.802,-52.198,52.198,5,108.1342,80.2061,80.355,46.3082,1.4004,1.399,192.981,29.5346,65.6411,73.8742,764.3,966.9583,719.488,897.039,1.545,1.0584,810.6,600.75,288.5907,353.1523,149.0,113.4667,131.4735,91.146,1.5062,1.534,205,25.8667,64.9892,73.9765,5912.2858,3634.8812,1262.9342,97.7506,1.3268,1.2888,9778.571,1629.2855,3658.1576,4075.6347,80.19,102.0492,59.4707,80.2815,1.3883,0.9548,127.05,68.9325,49.5706,49.9753,7.0964,4.5453,3.8324,1.3365,1.3174,1.3404,12.878,1.7057,4.7603,4.9122,101.6053,45.58,10.4655,0.9105,0.6668,0.8105,399.9734,33.32,151.9828,109.4873,2.8,2.6,2.6052,2.4264,1.5318,1.4066,3,0.8333,1.1662,1.1136
random_iid__baseline_0__seed0,10.0,60.872,50.872,50.872,4,105.3139,127.161,73.0884,96.3679,1.1258,0.9902,188.3839,65.4612,71.6959,68.965,787.375,706.8167,733.5132,663.9493,1.3121,1.3655,810.6,94.6833,315.7248,282.9419,150.5,168.5,128.74,148.7704,1.2588,1.1325,205,76.3333,72.5827,70.3154,6080.3572,6613.5715,854.2627,1675.8373,0.9981,0.9506,11848.571,3949.7618,4613.6001,4533.7776,74.6375,55.7833,48.3485,34.7061,1.0577,1.2098,127.05,18.6,57.1542,53.768,6.3805,6.287,3.1441,3.8552,1.0442,1.0958,12.878,2.6297,4.7554,4.0369,116.0066,88.0044,9.6864,13.9245,0.4837,0.6984,399.9734,66.6622,164.78,140.4821,2.25,2.3333,2.2134,2.2894,1.3689,1.277,1,0.6667,0.433,0.4714
random_iid__baseline_0__seed0,90.0,39.555,-50.445,50.445,5,102.5957,101.9788,76.2173,80.7796,1.3896,1.3784,191.2006,36.9507,65.3598,58.6613,778.24,734.1,736.2665,698.3398,1.5504,1.5554,810.6,124.9429,280.6078,255.5673,162.4,172.8571,141.8787,154.5801,1.5041,1.4025,205,65.4286,69.4683,67.48,5656.6858,5821.9184,1179.1049,1841.0005,1.2817,1.263,11338.571,2559.7959,4030.0277,3713.5783,69.11,68.7,49.609,47.6361,1.326,1.2569,127.05,29.8429,51.6658,51.8302,7.4984,8.3703,4.1728,5.3924,1.3517,1.2582,12.878,3.7111,4.6312,4.3679,94.0053,126.8609,10.2632,18.7668,0.5763,0.4275,399.9734,114.2819,153.3969,173.0013,2.6,2.4286,2.4915,2.3399,1.565,1.5792,2,0.2857,0.8,0.7284
random_iid__baseline_0__seed0,25.0,73.812,48.812,48.812,7,101.7614,60.2559,75.3139,36.7574,1.6992,1.66,192.981,21.0584,71.313,64.1771,747.1429,1006.7339,717.5382,946.6637,1.9008,1.0906,764.1,686.7812,240.4726,332.2804,159.2857,106.7933,145.5003,86.7805,1.8771,1.7446,171,25.504,54.0257,67.0589,5533.347,3055.1528,1591.7277,66.3824,1.6069,1.397,11338.571,1193.9045,4132.0746,4047.6718,61.8857,104.728,33.3161,70.1803,1.5545,0.869,138.63,75.8271,51.8667,52.7083,8.1331,4.8702,5.3019,1.3042,1.7663,1.5756,12.878,1.6322,4.0897,5.2321,99.2895,69.0362,16.6468,0.9511,1.1199,0.7851,399.9734,53.3192,138.2514,136.2354,2.8571,2.398,2.6671,2.268,1.8741,1.5362,3,1.0007,1.1249,0.9714
random_iid__baseline_0__seed0,35.0,81.897,46.897,46.897,6,110.3206,107.8496,78.2411,81.7865,1.5357,1.5434,188.3839,32.3318,74.9934,67.6502,790.8167,749.05,745.4868,709.5639,1.7309,1.7338,810.6,112.6375,284.502,263.8462,161.1667,170.625,144.5247,155.0664,1.7073,1.6001,205,57.25,61.5126,61.9293,6567.5715,6484.4286,1495.1586,2080.7377,1.4082,1.4309,13532.571,2239.8214,5160.7152,4674.5995,50.6533,54.9088,17.7919,22.1889,1.1383,1.0874,141.0,29.7875,57.6948,56.8569,6.0587,7.1815,3.5227,4.5994,1.4959,1.3386,12.878,3.2473,4.3056,4.3945,112.0544,136.2908,15.636,23.865,1.0047,0.8218,399.9734,99.9967,145.586,163.6427,2.1667,2.125,2.1398,2.104,1.7782,1.7423,1,0.25,0.3727,0.3307
random_iid__baseline_0__seed0,71.9,25.051,-46.849,46.849,4,97.9598,67.1356,70.3033,38.325,1.1531,0.9763,158.9674,41.0678,62.0114,68.0205,768.4,1003.0429,708.642,925.2416,1.3017,0.7827,810.6,735.9857,329.0812,365.1794,165.75,111.1714,139.8129,86.8842,1.2557,1.182,205,48.5714,78.3179,76.8016,5578.1072,3911.6451,815.4956,60.434,1.019,0.743,9839.571,2529.7263,4030.6904,4628.4888,82.3375,112.2414,60.7215,100.4324,1.164,0.7936,127.05,80.9871,51.1257,41.8088,10.8305,7.884,4.7565,1.4358,1.0447,0.7486,21.778,5.5303,7.913,9.4166,108.5066,61.7866,7.4388,0.6561,0.3295,0.2946,399.9734,57.1277,168.4378,138.2557,2.25,2.2571,2.2134,2.2198,1.3689,1.0662,1,1.0857,0.433,0.4371
random_iid__baseline_0__seed0,10.0,56.413,46.413,46.413,4,105.3139,76.6937,73.0884,42.6472,1.1258,1.1584,188.3839,31.4151,71.6959,75.2326,787.375,982.069,733.5132,904.8835,1.3121,0.878,810.6,647.8438,315.7248,367.189,150.5,113.7931,128.74,89.018,1.2588,1.3003,205,32.851,72.5827,79.3656,6080.3572,3611.6624,854.2627,67.7356,0.9981,0.9521,11848.571,2155.9234,4613.6001,4696.883,74.6375,95.1527,48.3485,65.9011,1.0577,0.646,127.05,74.8505,57.1542,58.673,6.3805,3.5335,3.1441,1.0549,1.0442,1.1786,12.878,1.335,4.7554,4.2446,116.0066,48.0625,9.6864,0.8114,0.4837,0.7004,399.9734,36.3856,164.78,112.668,2.25,2.182,2.2134,2.1532,1.3689,1.1993,1,0.908,0.433,0.3858
random_iid__baseline_0__seed0,13.7,59.951,46.251,46.251,4,76.4446,54.1829,59.3567,37.2844,1.1995,1.2783,121.3276,15.479,43.8234,44.7609,794.0,977.8333,741.6293,911.6059,1.315,0.9484,810.6,605.2667,311.7435,344.0322,164.5,120.0833,139.0005,94.4809,1.2567,1.3328,205,24.5,77.5258,80.0109,4235.8572,3198.3812,669.5566,91.3453,1.0154,0.8125,8958.571,2239.2855,3194.9389,3682.4821,77.2375,106.3917,53.528,83.0164,1.1052,0.806,127.05,68.675,54.8308,50.4809,8.1805,5.6693,4.0356,1.5527,1.1121,1.0337,12.878,3.164,4.9482,5.6818,108.7566,104.43,7.5524,1.4947,0.3363,0.203,399.9734,99.9867,168.301,170.7995,2.25,2.0833,2.2134,2.0687,1.3689,1.2425,1,0.75,0.433,0.2764
random_iid__baseline_0__seed0,89.8,43.979,-45.821,45.821,5,79.4005,52.5265,64.6841,35.964,1.4629,1.3779,121.3276,19.8306,39.6401,44.2984,767.14,992.7196,724.4674,926.7514,1.5479,0.9513,810.6,675.2889,283.9596,342.9652,172.8,117.1926,150.3788,91.8826,1.5063,1.4271,205,35.9474,71.3005,79.6715,4690.8858,3055.2704,1055.2597,76.1256,1.3242,0.9329,8958.571,2064.2811,2999.0518,3643.6324,70.31,107.4785,51.1383,84.7317,1.3405,0.8048,127.05,73.732,50.9617,50.0214,10.7444,5.579,5.6126,1.4393,1.3465,1.2039,20.778,2.9033,6.7736,5.9349,91.6053,96.6573,9.4365,1.2236,0.5185,0.2277,399.9734,92.1748,154.3919,166.1731,2.6,2.1083,2.4915,2.086,1.565,1.3084,2,0.9822,0.8,0.3571
random_iid__baseline_0__seed0,1.0,46.527,45.527,45.527,4,104.3656,75.1267,72.7469,44.4632,1.1295,1.2004,184.5906,26.2899,70.3925,68.5211,891.65,1002.2158,838.5849,931.8281,1.3281,1.0157,810.6,566.2258,301.5128,344.8792,154.25,126.4558,131.729,97.6203,1.2602,1.2409,205,44.9564,73.1552,85.834,6501.3572,3676.1842,883.1173,92.7925,0.9779,1.0627,13532.571,1684.7125,5164.7912,4728.9008,69.8375,90.4826,25.085,45.4845,0.8946,0.6303,141.0,71.3294,62.0768,62.0805,5.903,4.0205,2.7017,1.2046,0.9637,1.001,12.878,1.8811,5.0379,4.6717,106.5816,55.3434,6.3131,0.913,0.2707,0.3747,399.9734,49.7999,169.5246,130.1986,2.0,2.0,2.0,2.0,1.3863,1.2111,0,0.7547,0.0,0.0
random_iid__baseline_0__seed0,4.3,49.256,44.956,44.956,5,74.2316,51.5883,60.5152,35.1982,1.4537,1.3333,121.3276,20.8165,39.4459,44.2699,816.36,1001.9882,771.891,936.0405,1.5525,0.9276,810.6,694.3748,282.3953,342.034,160.0,115.1351,139.5953,90.1944,1.5012,1.3813,205,38.1832,69.9228,79.3334,4816.6858,2965.8254,1074.9035,68.6361,1.3222,0.9011,8958.571,2016.628,3084.7293,3625.0891,62.09,107.9394,26.1868,83.2574,1.1304,0.7635,141.0,76.1064,57.6447,50.4471,8.0144,5.2525,4.5497,1.3534,1.3847,1.0998,12.878,2.8925,4.4382,5.6146,111.0053,95.1229,13.1312,1.1244,0.7856,0.2614,399.9734,90.0479,150.6002,164.806,2.2,2.0776,2.1689,2.064,1.5942,1.2394,1,1.0528,0.4,0.2676
random_iid__baseline_0__seed0,15.3,59.951,44.651,44.651,4,76.4446,54.1829,59.3567,37.2844,1.1995,1.2783,121.3276,15.479,43.8234,44.7609,794.0,977.8333,741.6293,911.6059,1.315,0.9484,810.6,605.2667,311.7435,344.0322,164.5,120.0833,139.0005,94.4809,1.2567,1.3328,205,24.5,77.5258,80.0109,4235.8572,3198.3812,669.5566,91.3453,1.0154,0.8125,8958.571,2239.2855,3194.9389,3682.4821,77.2375,106.3917,53.528,83.0164,1.1052,0.806,127.05,68.675,54.8308,50.4809,8.1805,5.6693,4.0356,1.5527,1.1121,1.0337,12.878,3.164,4.9482,5.6818,108.7566,104.43,7.5524,1.4947,0.3363,0.203,399.9734,99.9867,168.301,170.7995,2.25,2.0833,2.2134,2.0687,1.3689,1.2425,1,0.75,0.433,0.2764
random_iid__baseline_0__seed0,99.25,54.807,-44.443,44.443,4,94.8431,51.5364,69.0161,32.7905,1.1638,1.359,146.5006,8.2529,58.2627,51.042,781.9,1041.875,726.5965,975.6823,1.3095,0.7876,810.6,748.17,319.2888,339.6623,168.5,106.65,141.552,82.8857,1.2532,1.3547,205,16.93,80.2387,78.5699,5255.6072,2847.7274,787.3468,41.6497,1.0289,0.9152,8958.571,1791.1426,3716.0353,3829.72,82.3375,115.0935,60.7215,96.0373,1.164,0.7267,127.05,83.4915,51.1257,45.0458,8.1055,4.5702,4.0088,1.0516,1.1126,1.0601,12.878,2.4868,4.9008,5.5145,107.2566,83.1259,6.7736,0.6475,0.2929,0.1824,399.9734,79.9841,169.1368,158.5581,2.25,2.07,2.2134,2.0576,1.3689,1.1264,1,0.99,0.433,0.2551
random_iid__baseline_0__seed0,130.0,85.559,-44.441,44.441,4,76.4446,51.2457,59.3567,34.9353,1.1995,1.2919,121.3276,14.2883,43.8234,44.1921,794.0,1003.6231,741.6293,937.5592,1.315,0.8905,810.6,659.7154,311.7435,342.396,164.5,114.5385,139.0005,89.6852,1.2567,1.3397,205,22.6154,77.5258,79.2354,4235.8572,2952.4618,669.5566,66.3422,1.0154,0.8128,8958.571,2066.9228,3194.9389,3639.1292,77.2375,109.1692,53.528,86.5394,1.1052,0.7628,127.05,74.3538,54.8308,49.4457,8.1805,5.2503,4.0356,1.3369,1.1121,1.0429,12.878,2.9035,4.9482,5.6486,108.7566,96.3989,7.5524,1.0963,0.3363,0.2031,399.9734,92.2934,168.301,166.4404,2.25,2.0769,2.2134,2.0634,1.3689,1.2018,1,0.8462,0.433,0.2665
random_iid__baseline_0__seed0,17.4,61.807,44.407,44.407,6,92.5215,60.8715,68.5364,36.8824,1.5459,1.4611,192.981,25.8602,64.7865,64.9474,740.0833,1005.0617,702.6967,944.0252,1.7346,1.0383,772.0,691.3017,267.26,334.3002,157.3333,106.15,142.1361,86.4647,1.715,1.642,171,25.95,56.0912,66.3415,4844.5715,3030.0288,1209.9289,66.1237,1.432,1.1897,9778.571,1303.2379,3701.4295,3993.5189,69.1667,106.2358,35.4397,71.5218,1.4231,0.8635,138.63,75.8065,53.353,51.515,7.8437,4.9171,4.8883,1.3152,1.6001,1.4435,12.878,1.6417,4.0405,5.2357,109.3378,69.2975,14.0645,0.926,0.952,0.7466,399.9734,53.3192,147.0428,136.7694,2.6667,2.4167,2.4929,2.2752,1.7171,1.4147,3,1.0167,1.1055,1.0213
